weight_1,weight_2,weight_3,best_metric,metric_optimized,time
0.87811,0.11593,0.11482,0.81995606,0.8241386,70.4773211479187
0.69836,0.37894,0.03559,1.0,1.0,70.94810938835144
0.99465,0.70264,0.25026,0.8081610798835754,0.8123359680175781,69.99903655052185
0.79125,0.00451,0.55192,0.6054732203483582,0.6054732203483582,70.41899871826172
0.7445,0.20398,0.72118,0.8216540813446045,0.8490737676620483,69.5832462310791
0.51099,0.06457,0.36786,0.6996052265167236,0.7097962498664856,69.20199990272522
0.34923,0.21566,0.25867,0.7552698254585266,0.7640879154205322,69.54399991035461
0.2492,0.76994,0.18387,0.6306007504463196,0.6381532549858093,69.80599904060364
0.16261,0.44123,0.3477,0.4998575150966644,0.53565913438797,69.27900791168213
0.79608,0.13181,0.25752,0.7942240238189697,0.7949308753013611,70.88768696784973
0.21638,0.78452,0.14882,0.641207218170166,0.6444280743598938,69.80800986289978
0.68962,0.20682,0.17321,0.712746798992157,0.7223878502845764,69.3840000629425
0.24797,0.66229,0.03792,0.752204179763794,0.7526025772094727,69.16099882125854
0.14759,0.96332,0.11699,0.7630134224891663,0.7575284838676453,69.06199765205383
0.86549,0.13484,0.12934,0.6443032622337341,0.6441069841384888,69.24399948120117
0.7159,0.16771,0.059,0.7494115829467773,0.7572848796844482,69.36200046539307
0.80658,0.4479,0.37906,0.716502845287323,0.7263422012329102,68.89200067520142
0.60449,0.40899,0.29999,0.8292819261550903,0.823931872844696,68.45499968528748
0.34484,0.4716,0.14923,0.8586810827255249,0.8630481958389282,69.42199993133545
0.69553,0.41056,0.3663,0.7437335252761841,0.754752516746521,68.55200004577637
0.58076,0.196,0.02532,0.7984177470207214,0.8174910545349121,68.7999997138977
0.19372,0.17122,0.58878,0.5976952314376831,0.5975951552391052,69.13599944114685
0.79601,0.30351,0.09462,0.5180619955062866,0.5170427560806274,69.43499970436096
0.47439,0.14558,0.35568,0.7777319550514221,0.7804609537124634,69.20699620246887
0.40919,0.35231,0.67313,0.5095704793930054,0.543069064617157,68.92699885368347
0.69751,0.20971,0.02324,0.7539446949958801,0.7539446949958801,69.3129985332489
0.86094,0.03119,0.02747,0.8035809397697449,0.8035809397697449,69.4559998512268
0.09977,0.86166,0.19036,0.6756364107131958,0.669258713722229,69.17599892616272
0.06865,0.82637,0.16952,0.7454224228858948,0.7458975315093994,69.13199996948242
0.15277,0.72599,0.14689,0.5836693048477173,0.5952895879745483,68.73600006103516
0.35678,0.33926,0.38908,0.712282121181488,0.7428266406059265,69.1560001373291
0.92305,0.14695,0.25919,0.5796271562576294,0.5671578645706177,69.34599995613098
0.93101,0.74033,0.06686,0.7062468528747559,0.721750020980835,68.97300100326538
0.19849,0.11119,0.61961,0.8000738024711609,0.804843008518219,68.87000012397766
0.71364,0.16293,0.20158,0.7852135300636292,0.7879384756088257,69.24599957466125
0.88044,0.04003,0.04978,0.90936017036438,0.90936017036438,69.15499925613403
0.42269,0.15141,0.35564,0.8350734114646912,0.8452720642089844,69.13499975204468
0.1839,0.74228,0.24683,0.7354817986488342,0.7424274682998657,68.71799993515015
0.87838,0.32721,0.67713,0.7216160297393799,0.759612500667572,69.33699989318848
0.08075,0.88859,0.11148,0.8491545915603638,0.8491545915603638,69.71099972724915
0.23774,0.67735,0.07289,0.6314773559570312,0.6599583625793457,69.4423816204071
0.10247,0.86534,0.0583,0.7184807658195496,0.7184807658195496,69.79302978515625
0.52589,0.49254,0.2164,0.7393243908882141,0.7453084588050842,69.87401962280273
0.65845,0.1859,0.16794,0.6927531957626343,0.6924229860305786,69.86418771743774
0.23705,0.48671,0.36602,0.9354803562164308,0.9393386840820312,70.03620791435242
0.58261,0.12248,0.05695,0.6160478591918945,0.6185377240180969,69.28017497062683
0.31976,0.22243,0.4187,0.9317545890808104,0.9402316212654114,69.96646237373352
0.90488,0.75732,0.12507,0.7401189804077148,0.7412481904029846,69.72299671173096
0.13796,0.84624,0.91954,0.7113380432128906,0.7113380432128906,69.19299817085266
0.29583,0.20008,0.733,0.6862058043479919,0.6746690273284912,69.39500093460083
0.69925,0.94135,0.47354,0.6687377691268921,0.6714407205581665,69.11100006103516
0.85547,0.09769,0.21326,0.5366043448448181,0.5402410626411438,69.74605059623718
0.68957,0.25271,0.11714,0.788238525390625,0.7917971611022949,69.97930550575256
0.23793,0.65826,0.08936,0.6991672515869141,0.70326167345047,69.16911196708679
0.71715,0.07036,0.25702,0.8273818492889404,0.8224685192108154,69.71629047393799
0.50313,0.40232,0.38311,0.3937358856201172,0.5414428114891052,69.35629439353943
0.66814,0.24858,0.22527,0.7968968749046326,0.8055927753448486,69.86822509765625
0.52092,0.27426,0.41946,0.7048298716545105,0.7149510979652405,69.3160834312439
0.29024,0.53388,0.12449,0.7298089265823364,0.7383562326431274,69.79911637306213
0.82726,0.04941,0.19293,0.699309766292572,0.699309766292572,69.91923666000366
0.18808,0.50149,0.20588,0.5519681572914124,0.5870556831359863,69.85648894309998
0.867,0.10866,0.28238,0.7219669818878174,0.7380511164665222,69.6440818309784
0.16681,0.23359,0.75316,0.7731364369392395,0.7733815312385559,69.92713499069214
0.38673,0.15537,0.64568,0.8376860022544861,0.8412711024284363,69.95214176177979
0.15423,0.7993,0.18618,0.7430521249771118,0.7467238903045654,70.0431661605835
0.53913,0.12426,0.42655,0.8056910634040833,0.8387699127197266,69.66510009765625
0.05333,0.62209,0.13965,0.6951026916503906,0.7683568000793457,69.74511814117432
0.20809,0.23637,0.63176,0.5818012952804565,0.5913418531417847,69.92112851142883
0.22515,0.50222,0.13946,0.7715547680854797,0.7821211814880371,70.08810329437256
0.19212,0.62392,0.10881,0.7956075072288513,0.8068860769271851,69.48518371582031
0.03946,0.95312,0.14371,0.679253101348877,0.679253101348877,69.97228860855103
0.12306,0.78742,0.28447,0.7386643290519714,0.7401304841041565,69.97835874557495
0.36712,0.42275,0.13094,0.7628701329231262,0.7781651020050049,69.83737635612488
0.59151,0.23115,0.24051,0.9426466822624208,0.9475581049919128,69.66501712799072
0.12415,0.69746,0.98734,0.8255617618560791,0.8194805383682251,69.35999965667725
0.01478,0.05009,0.85204,0.738066554069519,0.738066554069519,69.70306491851807
0.82268,0.15136,0.20569,0.8984554409980774,0.8982859253883362,70.8633816242218
0.97364,0.0491,0.11139,0.7593594193458557,0.7593594193458557,69.40105128288269
0.7784,0.32978,0.07682,0.6212050318717957,0.645034909248352,69.96720838546753
0.39705,0.37335,0.47118,0.7982619404792786,0.8055009841918945,69.5300989151001
0.32009,0.72244,0.18393,0.7984585762023926,0.8485896587371826,69.80512523651123
0.13734,0.25005,0.57513,0.6516781449317932,0.683223307132721,69.6650321483612
0.73713,0.24608,0.13517,0.6937780380249023,0.7071987986564636,69.8650689125061
0.65661,0.09807,0.15007,0.7675771117210388,0.7576746344566345,69.51803374290466
0.34297,0.31383,0.23287,0.5499917268753052,0.7483446002006531,69.67308402061462
0.14666,0.77336,0.10885,0.7674506902694702,0.7692810297012329,70.04304814338684
0.77834,0.78198,0.35829,0.4856224954128265,0.5136778950691223,69.36799883842468
0.56341,0.22289,0.177,0.8749619722366333,0.8775265216827393,69.6570360660553
0.61814,0.43249,0.2476,0.7611344456672668,0.7621325850486755,69.40606641769409
0.38274,0.36137,0.13974,0.6737885475158691,0.7055988311767578,69.8369972705841
0.22246,0.19681,0.66466,0.8915262222290039,0.891880214214325,69.74906945228577
0.67892,0.80379,0.15253,0.683527946472168,0.6947808265686035,69.23808312416077
0.39389,0.49109,0.08997,0.7237288951873779,0.7163525819778442,69.70404839515686
0.27867,0.69806,0.47187,0.7056273221969604,0.723088264465332,69.17299747467041
0.39589,0.16609,0.35583,0.8177688121795654,0.8220745921134949,69.88699960708618
0.82489,0.24319,0.15492,0.8502317667007446,0.862520694732666,69.64625644683838
0.83171,0.1606,0.20148,0.8244912624359131,0.825954258441925,69.69408321380615
0.79993,0.08389,0.71112,0.874969482421875,0.874969482421875,68.58745670318604
0.30963,0.16931,0.48206,0.7313365340232849,0.7389693260192871,69.38799834251404
0.31598,0.16757,0.90583,0.9025443196296692,0.9089608192443848,69.32400035858154
0.95785,0.12477,0.12345,0.9522939324378968,0.9522939324378968,69.23599982261658
0.93195,0.24057,0.96305,0.6660418510437012,0.6642022728919983,68.49199986457825
0.16373,0.5477,0.24055,0.6940009593963623,0.7061649560928345,69.16199851036072
0.24809,0.10499,0.64139,0.638294517993927,0.6400871872901917,69.28399968147278
0.67498,0.103,0.17169,0.8355084657669067,0.833394467830658,69.15200018882751
0.7724,0.35784,0.36158,0.8585138916969299,0.8564356565475464,68.6159999370575
0.3161,0.84471,0.9122,0.7882183790206909,0.8009635210037231,68.53202176094055
0.58316,0.28774,0.10209,0.4694589972496032,0.4735768437385559,69.29313135147095
0.90795,0.02259,0.23143,0.8054200410842896,0.8004745244979858,69.55108618736267
0.14713,0.49633,0.55473,0.6145887970924377,0.6404249668121338,68.99708962440491
0.16266,0.38469,0.34316,0.6699107885360718,0.6779560446739197,69.07905173301697
0.81391,0.06676,0.31654,0.8674294352531433,0.8725886344909668,68.87504816055298
0.11446,0.14418,0.64075,0.6875020861625671,0.7143319249153137,69.0599992275238
0.95042,0.13212,0.11929,0.4996740520000458,0.5450708270072937,68.42999958992004
0.89507,0.23635,0.50612,0.7244443893432617,0.740568995475769,68.63499975204468
0.30962,0.47432,0.11659,0.7959461212158203,0.8141642808914185,68.78499984741211
0.61978,0.31832,0.24407,0.5947754979133606,0.6222487092018127,68.90599918365479
0.27685,0.8084,0.21138,0.6467169523239136,0.6490069031715393,68.65399932861328
0.83352,0.16135,0.06939,0.759016752243042,0.759016752243042,68.97699928283691
0.90778,0.0212,0.90179,0.8176465034484863,0.8209961652755737,68.65300011634827
0.79412,0.24461,0.19132,0.7639386653900146,0.7859264612197876,69.00800061225891
0.65045,0.14753,0.18952,0.8530715107917786,0.8558162450790405,69.57800149917603
0.26365,0.52343,0.61824,0.945164680480957,0.947195529937744,69.2330002784729
0.23762,0.21016,0.76258,0.7935296893119812,0.7944543957710266,69.56300020217896
0.17212,0.58965,0.17172,0.6765828132629395,0.7038968801498413,69.48900008201599
0.53686,0.29524,0.11692,0.7346747517585754,0.7335698008537292,69.94099998474121
0.35019,0.59443,0.19076,0.7497653365135193,0.7586423754692078,70.13100051879883
0.52044,0.23505,0.13974,0.7146120071411133,0.7188515067100525,70.07199931144714
0.09752,0.11888,0.89496,0.8371374011039734,0.8371374011039734,70.14599823951721
0.19853,0.14975,0.61719,0.7519199252128601,0.7528624534606934,69.70699787139893
0.09752,0.11888,0.89496,0.7115088105201721,0.7115088105201721,69.74899792671204
0.56081,0.21057,0.29318,0.7425649762153625,0.7645396590232849,69.41399788856506
0.62461,0.28493,0.28869,0.7420921325683594,0.7444179058074951,69.89200258255005
0.62327,0.20634,0.02112,0.7907865047454834,0.7868654131889343,69.33299946784973
0.28576,0.80941,0.13064,0.7791137099266052,0.7863874435424805,69.9479992389679
0.73703,0.19902,0.29852,0.7936503887176514,0.791236162185669,70.05999875068665
0.39595,0.20971,0.26247,0.7163370251655579,0.7340097427368164,69.84099984169006
0.19838,0.60916,0.15033,0.7300559282302856,0.737187385559082,69.15599942207336
0.38491,0.26064,0.52307,0.603196918964386,0.6546967625617981,69.60600137710571
0.55864,0.19519,0.31743,0.928379476070404,0.9423086047172546,69.81499981880188
0.37259,0.19645,0.33854,0.7383247017860413,0.7499253153800964,70.04300022125244
0.32975,0.59964,0.27803,0.667055606842041,0.7129352688789368,69.54399919509888
0.81495,0.18793,0.05551,0.7403983473777771,0.7492893934249878,69.77399969100952
0.29796,0.06122,0.77872,0.3825507164001465,0.382596492767334,69.74499940872192
0.19146,0.75651,0.18675,0.8149292469024658,0.8282805681228638,69.61900043487549
0.13708,0.80926,0.13145,0.6711235642433167,0.6683592796325684,69.28099966049194
0.83653,0.17914,0.2258,0.8792115449905396,0.8770554065704346,69.8289999961853
0.20535,0.39099,0.21867,0.7865344882011414,0.8137373924255371,69.8260006904602
0.33953,0.38387,0.41333,0.5379510521888733,0.5940062403678894,70.1340000629425
0.14296,0.75686,0.08864,0.7785467505455017,0.7644948363304138,69.905996799469
0.27444,0.92587,0.471,0.6930240392684937,0.6938181519508362,70.06300044059753
0.01835,0.0026,0.96702,0.8159617185592651,0.8159617185592651,69.75499963760376
0.69219,0.82478,0.73503,0.3329874575138092,0.3329874575138092,68.89799952507019
0.14129,0.77922,0.11631,0.7257237434387207,0.721942663192749,69.52108788490295
0.54457,0.19002,0.4803,0.6845300793647766,0.7417762875556946,70.02407121658325
0.51419,0.30775,0.64499,0.8173907995223999,0.8322858810424805,70.59011268615723
0.11389,0.63567,0.18148,0.7229044437408447,0.7171601057052612,70.27553653717041
0.73408,0.16954,0.07042,0.8070323467254639,0.8040555119514465,69.76799941062927
0.12103,0.74125,0.74171,0.5028795003890991,0.5285821557044983,70.0600004196167
0.80316,0.0337,0.22468,0.7035821080207825,0.7060728073120117,70.20799970626831
0.96951,0.10052,0.57801,0.5077278017997742,0.5077278017997742,69.80216312408447
0.30534,0.23171,0.24985,0.3844321668148041,0.4534391462802887,69.51515293121338
0.1065,0.89336,0.23988,0.7983193397521973,0.8496732711791992,69.88012552261353
0.59739,0.02178,0.17968,0.7341740727424622,0.7637824416160583,70.18125915527344
0.68654,0.11451,0.10979,0.6639121770858765,0.678480863571167,69.92121243476868
0.13136,0.76249,0.13036,0.8443661332130432,0.8403561115264893,69.86607027053833
0.82666,0.16266,0.05639,0.7015894055366516,0.7015894055366516,70.37924551963806
0.10537,0.6755,0.12872,0.6616168022155762,0.6855365037918091,70.28528952598572
0.81484,0.11358,0.23166,0.7944302558898926,0.793321967124939,70.38620376586914
0.63084,0.11815,0.16371,0.760394275188446,0.7662274837493896,69.6572813987732
0.9045,0.06933,0.16716,0.8355119824409485,0.8355119824409485,70.27412104606628
0.63939,0.17449,0.00881,0.8382949233055115,0.8389506936073303,70.31807017326355
0.22429,0.80087,0.13386,0.7028403282165527,0.704153835773468,70.28608822822571
0.19652,0.41902,0.1957,0.7777995467185974,0.8273807168006897,69.85117983818054
0.19401,0.57097,0.23278,0.7778024673461914,0.7883153557777405,70.24508500099182
0.33327,0.31686,0.25719,0.7915094494819641,0.8719064593315125,70.17805480957031
0.51095,0.17795,0.2596,0.6360877156257629,0.6400072574615479,70.32212543487549
0.26807,0.25482,0.70414,0.6431058049201965,0.6879396438598633,69.79420375823975
0.20518,0.36181,0.56353,0.7228572964668274,0.7597178220748901,70.35601735115051
0.56885,0.2446,0.2229,0.7181087136268616,0.7311677932739258,70.40216827392578
0.69766,0.09615,0.15324,0.8714190721511841,0.8740646243095398,70.31525540351868
0.71505,0.18252,0.17232,0.7183310985565186,0.7126219868659973,69.81406307220459
0.23244,0.51697,0.24082,0.762721836566925,0.7738768458366394,70.43310618400574
0.32915,0.04999,0.79055,0.7055675983428955,0.7053341865539551,70.02606725692749
0.21942,0.52227,0.22832,0.81749027967453,0.8504011034965515,70.28113675117493
0.3091,0.21626,0.38934,0.6485764384269714,0.6469857692718506,69.65118956565857
0.14165,0.23811,0.54187,0.7165324091911316,0.7359826564788818,70.30910396575928
0.19036,0.32577,0.64942,0.6806285977363586,0.7089584469795227,70.25221037864685
0.16792,0.16046,0.47356,0.7064156532287598,0.7227283120155334,70.34117221832275
0.33629,0.19237,0.83872,0.7454485893249512,0.7520296573638916,69.66607022285461
0.88924,0.0587,0.1191,0.884952187538147,0.884952187538147,70.22507119178772
0.37772,0.00178,0.82962,0.6438993811607361,0.6438993811607361,70.03721117973328
0.35406,0.18122,0.40382,0.7746880054473877,0.8034555315971375,70.20201563835144
0.27589,0.67021,0.71431,0.6585053205490112,0.6851934194564819,69.27112865447998
0.92383,0.70768,0.44053,0.808466911315918,0.814300000667572,69.8001036643982
0.75621,0.15385,0.2961,0.6960808634757996,0.7507273554801941,70.03213906288147
0.3077,0.44761,0.44867,0.8691312670707703,0.8852574229240417,69.94508147239685
0.55416,0.1574,0.52776,0.6423742175102234,0.6670287251472473,69.84805250167847
0.82709,0.26365,0.29695,0.7201818227767944,0.7275314927101135,70.14902138710022
0.80648,0.03374,0.00013,0.7572707533836365,0.7597075700759888,70.12099933624268
0.42205,0.38793,0.08233,0.7263502478599548,0.7401328682899475,70.04999685287476
0.8059,0.17743,0.26663,0.728689432144165,0.7200309038162231,70.11199760437012
0.17987,0.327,0.46503,0.7475830912590027,0.8000485301017761,70.25599718093872
0.47746,0.2958,0.18543,0.8394117951393127,0.841117799282074,70.16000175476074
0.46827,0.55196,0.2056,0.6744782328605652,0.7435016632080078,69.64700055122375
0.02388,0.03847,0.9518,0.7767388224601746,0.7767388224601746,69.67899632453918
0.54112,0.91919,0.41626,0.7954987287521362,0.7902482151985168,69.67199897766113
0.09191,0.74181,0.03804,0.8117424845695496,0.8086485266685486,69.91300129890442
0.7879,0.03969,0.2609,0.7088003158569336,0.7026110887527466,70.11499643325806
0.76208,0.37321,0.10753,0.8732412457466125,0.8748011589050293,69.58301901817322
0.24736,0.1284,0.55692,0.6990216374397278,0.7246163487434387,69.91899943351746
0.43903,0.26943,0.24213,0.708218514919281,0.7498950958251953,70.25511837005615
0.89484,0.181,0.05928,0.8513510227203369,0.8513510227203369,70.32527351379395
0.35464,0.6749,0.1921,0.8570325970649719,0.8599082827568054,69.86499738693237
0.71255,0.21182,0.11713,0.7244628071784973,0.7266486287117004,70.32005333900452
0.79052,0.20873,0.29232,0.7917315363883972,0.7849549055099487,70.35900044441223
0.12897,0.08255,0.64675,0.6393035054206848,0.6564271450042725,70.40621519088745
0.86295,0.01609,0.18378,0.7250380516052246,0.7250380516052246,69.71107339859009
0.29095,0.18031,0.76313,0.6587436199188232,0.5660508275032043,70.37312030792236
0.42095,0.53147,0.19317,0.6194053292274475,0.6289336085319519,70.26615571975708
0.79822,0.07655,0.16994,0.6680022478103638,0.6680022478103638,70.29010820388794
0.85096,0.13037,0.104,0.7734702229499817,0.7734702229499817,69.87010407447815
0.20829,0.5325,0.52232,0.4967547655105591,0.5361719131469727,70.00003027915955
0.53928,0.25239,0.38796,0.8460269570350647,0.8493298888206482,70.21107006072998
0.67034,0.29753,0.21214,0.8175931572914124,0.8335950970649719,70.19709181785583
0.00149,0.51789,0.55016,0.5744907259941101,0.5828239917755127,69.55216002464294
0.69366,0.121,0.14566,0.8643994927406311,0.8649250268936157,70.15208387374878
0.63456,0.21123,0.16481,0.5612561106681824,0.5675408244132996,70.15609765052795
0.61905,0.73857,0.3743,0.8284329175949097,0.8036288022994995,69.60933232307434
0.29938,0.51217,0.12855,0.7235468626022339,0.7295371294021606,70.31305074691772
0.886,0.95977,0.40131,0.7131179571151733,0.7231441736221313,69.4201226234436
0.50043,0.76765,0.38612,0.6351857781410217,0.6306752562522888,69.40099954605103
0.14961,0.70321,0.57466,0.6260619759559631,0.6635241508483887,69.90002012252808
0.27595,0.53442,0.3104,0.5485390424728394,0.5964371562004089,68.79099988937378
0.09162,0.42259,0.71127,0.7702639698982239,0.7927916049957275,69.82099866867065
0.71885,0.85664,0.78214,0.3971549570560455,0.4016448259353637,69.85800123214722
0.78635,0.1989,0.19557,0.6012585163116455,0.5983526706695557,69.70099925994873
0.64316,0.58866,0.40027,0.839779257774353,0.846601128578186,69.32099890708923
0.77218,0.2237,0.08291,0.8610773086547852,0.8616828322410583,69.99599647521973
0.20933,0.57971,0.37667,0.6622282862663269,0.6596662998199463,69.63499855995178
0.33758,0.20431,0.53673,0.8627872467041016,0.8752186894416809,69.95199990272522
0.22363,0.16411,0.7438,0.479964405298233,0.5218424201011658,69.24100065231323
0.25054,0.45422,0.26652,0.9566352963447572,0.9641510844230652,69.742999792099
0.82288,0.13096,0.18131,0.6750494837760925,0.6721460223197937,69.9249975681305
0.85423,0.48459,0.18724,0.76301109790802,0.7637069821357727,69.84700202941895
0.31273,0.61357,0.13986,0.7951999306678772,0.8063244819641113,69.88199925422668
0.38526,0.36257,0.45467,0.6053720712661743,0.6320121884346008,69.56499981880188
0.43524,0.34083,0.22752,0.7758645415306091,0.8093650937080383,69.92099809646606
0.6668,0.14049,0.10219,0.8935821652412415,0.8935821652412415,69.9059989452362
0.51833,0.73978,0.14838,0.6987012624740601,0.7169215679168701,69.32599806785583
0.38052,0.29122,0.23912,0.7593011856079102,0.8199977278709412,70.00299978256226
0.85167,0.13151,0.1177,0.86153244972229,0.8542603254318237,69.95399975776672
0.1698,0.58613,0.46625,0.5588409900665283,0.5862209796905518,70.0860002040863
0.2283,0.28116,0.5628,0.6708154082298279,0.6532979607582092,69.33203387260437
0.14031,0.40022,0.39643,0.7500019073486328,0.7647202014923096,69.91403460502625
0.32313,0.42216,0.22825,0.3998982608318329,0.3999389708042145,69.36610341072083
0.29042,0.28612,0.31827,0.6501456499099731,0.6564153432846069,70.16210460662842
0.95044,0.1652,0.04263,0.7024409770965576,0.7056711912155151,69.68527317047119
0.78726,0.93106,0.23925,0.765036940574646,0.7539916038513184,69.65707063674927
0.53163,0.23745,0.01253,0.8420336842536926,0.8460580706596375,71.73313093185425
0.93261,0.30814,0.24456,0.7232484817504883,0.7326710224151611,71.21300268173218
0.13521,0.96899,0.02344,0.7028831839561462,0.7028831839561462,71.23500037193298
0.10857,0.91328,0.90975,0.5666259527206421,0.5666259527206421,70.67899823188782
0.76604,0.15209,0.04884,0.6798337697982788,0.6798337697982788,71.54600095748901
0.89964,0.28785,0.52298,0.8074156641960144,0.8119308948516846,71.50300097465515
0.74046,0.18362,0.2773,0.8122941255569458,0.8135967254638672,70.71299934387207
0.21634,0.21353,0.38443,0.6872725486755371,0.720555305480957,71.49099969863892
0.2469,0.26684,0.73772,0.6250983476638794,0.6269172430038452,71.42700099945068
0.23084,0.5401,0.06619,0.5236661434173584,0.5497933030128479,71.53999853134155
0.55622,0.23718,0.30637,0.7974604964256287,0.8241516947746277,71.09700107574463
0.41952,0.67893,0.24796,0.7089520692825317,0.7214840054512024,71.13199996948242
0.88317,0.25901,0.01695,0.8436396718025208,0.8436396718025208,71.36999917030334
0.32267,0.7936,0.22211,0.5739112496376038,0.6210492849349976,71.26099801063538
0.90067,0.16001,0.08645,0.9027724266052246,0.9027724266052246,70.50300002098083
0.75566,0.62167,0.30697,0.6654593348503113,0.6702409982681274,70.86000061035156
0.46971,0.24089,0.17133,0.7106361389160156,0.7315336465835571,71.12600040435791
0.06316,0.76475,0.3233,0.7740729451179504,0.7795459628105164,71.58700013160706
0.15743,0.88001,0.04081,0.471746951341629,0.4272933006286621,70.89100050926208
0.23479,0.30832,0.4285,0.6303127408027649,0.657390296459198,71.30700016021729
0.23117,0.53786,0.09064,0.7010557055473328,0.7076888084411621,71.35400009155273
0.18706,0.05696,0.81893,0.499969482421875,0.499969482421875,70.95599961280823
0.48222,0.3498,0.38097,0.9087184071540833,0.9202580451965332,70.63299989700317
0.63786,0.43767,0.17304,0.650282621383667,0.6578243970870972,71.40299940109253
0.35383,0.30832,0.2055,0.7079699635505676,0.7635775208473206,71.51199960708618
0.39005,0.26673,0.23164,0.4845537841320038,0.4856794476509094,72.14299869537354
0.56212,0.32797,0.54442,0.499908447265625,0.499908447265625,70.20600080490112
0.47214,0.1007,0.43417,0.778120756149292,0.8004848957061768,70.80500054359436
0.44974,0.30897,0.20278,0.7073753476142883,0.7735225558280945,71.52699995040894
0.3379,0.36856,0.04803,0.4923348724842071,0.5205264091491699,71.00599980354309
0.81761,0.2685,0.25322,0.8156025409698486,0.8214928507804871,70.42399954795837
0.82525,0.12751,0.14327,0.7769804000854492,0.7769804000854492,71.26099967956543
0.88619,0.15845,0.33583,0.6978580355644226,0.6963048577308655,71.3389995098114
0.75241,0.12366,0.24575,0.7381196022033691,0.7378857731819153,71.89299941062927
0.78801,0.04878,0.72031,0.686355710029602,0.6924694776535034,70.8739984035492
0.80071,0.0985,0.24127,0.7304044365882874,0.7342631220817566,71.38199925422668
0.63028,0.12972,0.09296,0.7828148007392883,0.7949821352958679,71.4590003490448
0.81399,0.2883,0.36618,0.6197748184204102,0.6519617438316345,71.25800108909607
0.18949,0.61506,0.22022,0.703629732131958,0.6962516903877258,70.82800006866455
0.70257,0.09723,0.31632,0.898273229598999,0.8944147229194641,71.5889995098114
0.75306,0.11443,0.13332,0.7507526874542236,0.747888445854187,71.00699996948242
0.62917,0.61018,0.21192,0.7838460803031921,0.7799730896949768,71.30000019073486
0.33264,0.23864,0.53952,0.723461389541626,0.7327073216438293,71.12900042533875
0.87572,0.23284,0.33103,0.8281140327453613,0.8324474096298218,71.28700017929077
0.5593,0.21634,0.2361,0.5293267369270325,0.5447684526443481,71.31300067901611
0.84108,0.16722,0.25517,0.7810013890266418,0.7793104648590088,71.41599988937378
0.54012,0.18284,0.16848,0.780422568321228,0.7797946333885193,70.71599912643433
0.3148,0.22128,0.29518,0.8135246634483337,0.828902006149292,71.47000002861023
0.49139,0.51297,0.0781,0.6551653146743774,0.7114160060882568,71.0680000782013
0.56939,0.22632,0.2494,0.6743489503860474,0.6762591004371643,71.61699938774109
0.4481,0.3356,0.25044,0.9068527221679688,0.9152719974517822,71.12699937820435
0.42119,0.42236,0.09084,0.7991448640823364,0.795495867729187,71.27300024032593
0.20746,0.82464,0.09948,0.7928054332733154,0.7948437929153442,71.47299981117249
0.73913,0.98477,0.12141,0.3645096123218536,0.3645096123218536,70.58999991416931
0.72883,0.18104,0.29652,0.7898368239402771,0.7902496457099915,70.74099850654602
0.18345,0.05372,0.89979,0.6240148544311523,0.6362082362174988,71.26200032234192
0.80062,0.10511,0.05116,0.787757933139801,0.787757933139801,71.31100249290466
0.79946,0.46846,0.02968,0.6913132667541504,0.6975075602531433,71.28599762916565
0.43547,0.24576,0.25652,0.7819527387619019,0.790014922618866,70.92300033569336
0.65129,0.21649,0.37239,0.8941100239753723,0.9107587337493896,71.34500026702881
0.82481,0.22396,0.13653,0.6213003396987915,0.6274484992027283,71.6929988861084
0.68432,0.45446,0.09132,0.5402552485466003,0.5330480933189392,71.16099953651428
0.61256,0.57466,0.38929,0.8013815879821777,0.8006938695907593,70.73000049591064
0.70856,0.26791,0.1537,0.7909780144691467,0.7796115875244141,71.84999942779541
0.88675,0.48679,0.15468,0.7687757015228271,0.7635159492492676,71.3870005607605
0.29457,0.62378,0.57823,0.7072058320045471,0.746573269367218,71.91500234603882
0.83895,0.16212,0.09413,0.7453170418739319,0.7420595288276672,71.39900040626526
0.39841,0.58385,0.25683,0.5659191012382507,0.5833255648612976,71.71600031852722
0.23347,0.17118,0.83948,0.6216245889663696,0.6366429328918457,71.66299772262573
0.33744,0.54339,0.24717,0.7896826267242432,0.545937180519104,71.48700046539307
0.64678,0.14408,0.10139,0.7583878040313721,0.7514007687568665,70.84999918937683
0.95427,0.84839,0.06095,0.6905025243759155,0.7099957466125488,71.44599986076355
0.13496,0.63117,0.13706,0.8243799805641174,0.8254311084747314,71.50600075721741
0.07092,0.16695,0.81642,0.5358020663261414,0.5358020663261414,71.75300192832947
0.96854,0.20622,0.24783,0.6922751665115356,0.7126292586326599,71.29299998283386
0.19165,0.22658,0.71327,0.8010450005531311,0.8369043469429016,71.49300050735474
0.77387,0.11266,0.1345,0.6982088088989258,0.6982088088989258,71.55700016021729
0.09246,0.42578,0.37728,0.8067434430122375,0.8132205009460449,71.54399943351746
0.13219,0.92745,0.00458,0.7260779142379761,0.7260779142379761,70.73500156402588
0.80065,0.10462,0.1239,0.8995682001113892,0.8995682001113892,71.43899965286255
0.80367,0.15618,0.21725,0.7123593091964722,0.7302543520927429,70.9820008277893
0.95124,0.69873,0.38929,0.6783878803253174,0.7036749720573425,70.70699954032898
0.18309,0.77936,0.30988,0.6282459497451782,0.6250206232070923,70.79399967193604
0.2188,0.32498,0.37146,0.824148952960968,0.8441488742828369,71.4680004119873
0.85338,0.16767,0.28538,0.6755185723304749,0.6956524848937988,71.34799814224243
0.27845,0.63755,0.83345,0.7413274645805359,0.7235540747642517,71.1089985370636
0.34972,0.63423,0.04754,0.7749325037002563,0.7871100902557373,70.38599872589111
0.58227,0.19147,0.32037,0.6043512225151062,0.7340825200080872,70.8020007610321
0.23735,0.77163,0.13513,0.80418860912323,0.8156119585037231,70.84199976921082
0.11459,0.59812,0.21476,0.8297874331474304,0.8244054913520813,71.24100160598755
0.58398,0.20184,0.09587,0.8462146520614624,0.8569695353507996,70.71500205993652
0.3556,0.22727,0.42954,0.9180541038513184,0.9315944314002992,71.29000043869019
0.87338,0.19877,0.14726,0.333251953125,0.333251953125,70.77899932861328
0.50219,0.15525,0.18304,0.8126115798950195,0.8146072030067444,71.43000030517578
0.5674,0.39734,0.25714,0.8620713949203491,0.8615263104438782,70.00500059127808
0.63333,0.71797,0.91722,0.6530215740203857,0.6530215740203857,70.51499962806702
0.28931,0.23015,0.33504,0.5983885526657104,0.6213027238845825,71.13099956512451
0.31159,0.33351,0.41666,0.7296304702758789,0.7511651515960693,71.56600046157837
0.1749,0.33442,0.4468,0.8244133591651917,0.8273444175720215,70.63600087165833
0.2998,0.28084,0.30424,0.6925868988037109,0.7039390206336975,71.35400056838989
0.21878,0.4707,0.33197,0.5485615730285645,0.5837060213088989,71.47899985313416
0.94146,0.21607,0.22495,0.81730055809021,0.8223923444747925,71.05799961090088
0.25532,0.40812,0.21496,0.3332315981388092,0.3332315981388092,68.57386231422424
0.16156,0.56015,0.04236,0.8104267120361328,0.8163829445838928,70.43300032615662
0.37041,0.31126,0.19737,0.7689874768257141,0.791109561920166,69.8079993724823
0.90666,0.08848,0.20782,0.8006927967071533,0.8006927967071533,69.97900009155273
0.1953,0.18199,0.53812,0.5835188031196594,0.5942847728729248,69.39199924468994
0.35959,0.203,0.29607,0.7198826670646667,0.7341257929801941,69.92499899864197
0.83855,0.19481,0.18341,0.444220632314682,0.444220632314682,67.56700015068054
0.59525,0.17579,0.33349,0.9433967471122742,0.9448368549346924,68.89699864387512
0.44631,0.18904,0.32585,0.7135551571846008,0.7110990881919861,68.53499984741211
0.29274,0.39914,0.07441,0.8289279341697693,0.8347902297973633,69.42799878120422
0.19809,0.86389,0.51483,0.3330892026424408,0.3330892026424408,69.37600016593933
0.2887,0.1839,0.71344,0.630069375038147,0.6361462473869324,69.91799926757812
0.32757,0.23716,0.29714,0.9050433039665222,0.9291359782218932,69.72999930381775
0.39907,0.21758,0.40092,0.8867731094360352,0.902283489704132,70.20500040054321
0.35165,0.26953,0.28105,0.7293649315834045,0.7665050029754639,70.35399866104126
0.8027,0.54314,0.44807,0.7690976858139038,0.7752084136009216,69.29399871826172
0.19669,0.46209,0.61006,0.5217070579528809,0.5647179484367371,69.19000101089478
0.89492,0.21436,0.10429,0.7187635898590088,0.7238996028900146,69.87100100517273
0.66716,0.29419,0.21349,0.7460170388221741,0.7946661114692688,69.93100070953369
0.31414,0.41653,0.5791,0.7337875366210938,0.7523603439331055,69.21200060844421
0.33959,0.43663,0.17095,0.7038167715072632,0.723486065864563,69.62500023841858
0.7551,0.31712,0.20254,0.7014312744140625,0.6993744373321533,69.95300030708313
0.39154,0.50293,0.00832,0.7221500277519226,0.7441330552101135,70.14300036430359
0.8212,0.15567,0.25563,0.8603366017341614,0.8641213178634644,69.99100041389465
0.65057,0.47018,0.20645,0.8468794226646423,0.8511576652526855,69.47799921035767
0.16863,0.49868,0.27132,0.7661435008049011,0.7762317061424255,70.01299905776978
0.31276,0.47132,0.05787,0.7231916189193726,0.7283815145492554,69.83500051498413
0.30757,0.84523,0.21749,0.7977869510650635,0.7879313230514526,69.79999709129333
0.52772,0.24695,0.11048,0.8159843683242798,0.8234013319015503,69.53000068664551
0.7169,0.14288,0.182,0.641544759273529,0.6284147500991821,69.67800045013428
0.21248,0.59867,0.14406,0.904745876789093,0.9084746837615968,70.21799993515015
0.22384,0.62728,0.16861,0.7945078015327454,0.7711623311042786,69.93599772453308
0.84494,0.4577,0.39779,0.33270263671875,0.33270263671875,68.68099856376648
0.24101,0.30258,0.33538,0.6426991820335388,0.6485582590103149,69.79500031471252
0.83048,0.18443,0.07729,0.8200715780258179,0.8200715780258179,70.00600123405457
0.6565,0.25943,0.15903,0.8687833547592163,0.8697344064712524,69.55799984931946
0.16786,0.83189,0.31098,0.5994107723236084,0.5989083647727966,69.73800253868103
0.22295,0.94802,0.06193,0.6320087909698486,0.643304705619812,70.13599944114685
0.62041,0.29193,0.2985,0.6910490989685059,0.7232561707496643,70.0149986743927
0.20954,0.86053,0.13992,0.6960811614990234,0.7035035490989685,69.83799815177917
0.22414,0.56401,0.1541,0.668053150177002,0.7004978656768799,69.56199836730957
0.52758,0.21663,0.2014,0.7403751611709595,0.7444585561752319,69.83300256729126
0.95788,0.05495,0.08072,0.7991830110549927,0.7991830110549927,69.91499948501587
0.78954,0.07954,0.04634,0.7337411046028137,0.7337411046028137,69.78600072860718
0.19406,0.5443,0.48092,0.6689515113830566,0.6950138211250305,69.56699991226196
0.00539,0.96909,0.11791,0.4443834125995636,0.4443834125995636,69.50899934768677
0.18179,0.22321,0.47884,0.819087564945221,0.8528781533241272,69.99799966812134
0.79919,0.13064,0.10774,0.7877846956253052,0.7818622589111328,70.10799860954285
0.06779,0.99085,0.2287,0.499725341796875,0.3525749444961548,69.5369975566864
0.36613,0.38905,0.1836,0.8689581751823425,0.8748893141746521,69.65300035476685
0.85556,0.74508,0.18552,0.6141431927680969,0.6141431927680969,69.58100175857544
0.57372,0.228,0.56916,0.495621919631958,0.5298323631286621,69.58999752998352
0.16384,0.31144,0.33195,0.6772608757019043,0.7278490662574768,69.17300057411194
0.24401,0.23625,0.51909,0.8305142521858215,0.8282413482666016,70.09899854660034
0.82872,0.0904,0.105,0.7478330135345459,0.7482348084449768,69.75999665260315
0.08602,0.08055,0.38337,0.3332315981388092,0.3332315981388092,69.4130003452301
0.663,0.2494,0.15298,0.7634037137031555,0.7437232136726379,69.92400002479553
0.42057,0.21306,0.21674,0.6391232013702393,0.666800856590271,69.70900011062622
0.24598,0.54845,0.13317,0.7187260389328003,0.7143926024436951,70.02199912071228
0.95867,0.13251,0.05932,0.7501368522644043,0.7501368522644043,69.7989993095398
0.15373,0.22079,0.62071,0.4296410679817199,0.4435065984725952,69.37499904632568
0.29887,0.4946,0.29056,0.568480908870697,0.6309537291526794,70.12199878692627
0.5296,0.39925,0.13469,0.6495563983917236,0.6447589993476868,69.5189995765686
0.67236,0.38551,0.17664,0.7733497619628906,0.7808740139007568,69.739999294281
0.27713,0.04505,0.55566,0.6560406684875488,0.6801322102546692,69.43199944496155
0.25133,0.29951,0.24699,0.7401588559150696,0.7865118980407715,69.95899772644043
0.45532,0.32298,0.1856,0.7491701245307922,0.6273893117904663,70.21300005912781
0.75235,0.11243,0.02123,0.6241720914840698,0.6292908191680908,69.92999815940857
0.1268,0.45299,0.39137,0.6133536696434021,0.6249102354049683,69.16600036621094
0.34814,0.15061,0.66914,0.6215817928314209,0.6361528635025024,70.15599656105042
0.46446,0.15176,0.59715,0.8456572890281677,0.8779589533805847,69.89599943161011
0.14359,0.2539,0.90653,0.7020437717437744,0.6986939907073975,70.17900037765503
0.64957,0.18658,0.60375,0.6615248918533325,0.678765058517456,68.94400000572205
0.39125,0.30126,0.17263,0.6246006488800049,0.7006117701530457,70.04699754714966
0.62332,0.29745,0.32046,0.8156172633171082,0.8345046043395996,70.06199955940247
0.83512,0.15991,0.22917,0.8111367225646973,0.8179148435592651,69.91700005531311
0.36483,0.50489,0.11593,0.7797864079475403,0.8239989280700684,69.27399945259094
0.12874,0.54313,0.24156,0.7026376724243164,0.7276718020439148,70.38599896430969
0.88964,0.17698,0.11775,0.6986372470855713,0.6980869770050049,69.7959988117218
0.69319,0.20199,0.02694,0.6135861873626709,0.6161333322525024,70.117999792099
0.89756,0.04919,0.02568,0.825249433517456,0.825249433517456,69.62099742889404
0.7856,0.0319,0.17186,0.7333417534828186,0.7333417534828186,70.11599922180176
0.12415,0.31331,0.45397,0.5628464221954346,0.5877018570899963,69.99300003051758
0.51869,0.247,0.179,0.7861111760139465,0.7986466884613037,70.15199851989746
0.92249,0.08067,0.17177,0.7349064946174622,0.7283987998962402,69.41799974441528
0.16698,0.74595,0.24412,0.7328346967697144,0.7352880239486694,69.92899775505066
0.44848,0.14673,0.37784,0.9154815673828124,0.9174888134002686,69.74200105667114
0.84917,0.04747,0.06795,0.7808711528778076,0.7761984467506409,70.16300058364868
0.26811,0.51627,0.91969,0.7556555271148682,0.7556555271148682,68.83500027656555
0.59621,0.31849,0.12556,0.5365297794342041,0.5648726224899292,70.03400039672852
0.86133,0.24721,0.33518,0.7653936147689819,0.7765580415725708,69.90199971199036
0.34266,0.23171,0.55069,0.7859826683998108,0.8255176544189453,70.15199971199036
0.77877,0.12227,0.03814,0.8470628261566162,0.8503077030181885,69.10800075531006
0.77294,0.12982,0.12273,0.8432064652442932,0.8427571058273315,69.94400000572205
0.4972,0.39538,0.31359,0.6339616179466248,0.6449508666992188,69.85500001907349
0.27784,0.54164,0.09783,0.6763365268707275,0.6884110569953918,69.85200047492981
0.39764,0.51971,0.16516,0.6544967889785767,0.6671139597892761,69.32799983024597
0.93749,0.62483,0.32669,0.7633054256439209,0.7682346105575562,69.56099963188171
0.85918,0.14731,0.13592,0.821629524230957,0.8235083222389221,70.12999892234802
0.20502,0.63531,0.23842,0.572510838508606,0.5762696862220764,70.3779993057251
0.21756,0.54483,0.17318,0.7303853034973145,0.7955451011657715,69.67200016975403
0.7879,0.03969,0.2609,0.8516969084739685,0.8489491939544678,69.97100043296814
0.26186,0.83202,0.15536,0.7393093109130859,0.7401590943336487,69.5160014629364
0.79988,0.1652,0.28378,0.7734110951423645,0.772060215473175,69.88699865341187
0.76182,0.05545,0.52581,0.7350953221321106,0.7417201995849609,69.48700070381165
0.94365,0.22665,0.29114,0.8236697912216187,0.815434455871582,69.89499926567078
0.83701,0.08271,0.12391,0.8755378723144531,0.8755378723144531,70.3659999370575
0.74127,0.30561,0.19934,0.7474368214607239,0.7412422895431519,70.05799961090088
0.47881,0.42102,0.33211,0.5747637152671814,0.5811831951141357,69.43899965286255
0.72372,0.13896,0.25801,1.0,1.0,69.13899993896484
0.39817,0.61519,0.1609,0.7534263730049133,0.7629266381263733,70.02699971199036
0.16492,0.25336,0.71881,0.7222585678100586,0.7410538792610168,69.5389997959137
0.27259,0.48009,0.4287,0.8438160419464111,0.8569073677062988,69.55500030517578
0.19151,0.44917,0.32334,0.9092309474945068,0.8911335468292236,70.13400077819824
0.79965,0.15196,0.17871,0.5538485050201416,0.5686241984367371,70.07299947738647
0.84213,0.15329,0.09166,0.7652190327644348,0.7652190327644348,70.06999969482422
0.79575,0.60575,0.4573,0.7688411474227905,0.776232123374939,69.3039972782135
0.89448,0.14629,0.12351,0.7452582120895386,0.7468105554580688,69.85299968719482
0.81407,0.1188,0.24596,0.8669323325157166,0.8729289174079895,70.0339994430542
0.29378,0.58411,0.17507,0.4996946156024933,0.4997149407863617,69.62000060081482
0.29713,0.10492,0.50222,0.7110797166824341,0.7328364849090576,69.68200087547302
0.23504,0.52345,0.21095,0.6286884546279907,0.6599999666213989,69.9650011062622
0.37662,0.17481,0.29613,0.6964247822761536,0.7946019172668457,69.81399703025818
0.08505,0.1728,0.84264,0.6230451464653015,0.606683611869812,70.15699934959412
0.54008,0.25757,0.22728,0.6232137084007263,0.6665241122245789,69.5859968662262
0.6811,0.12983,0.14019,0.7877621650695801,0.783976674079895,69.79300022125244
0.5364,0.29759,0.14025,0.6676837205886841,0.7150300741195679,69.79299831390381
0.21955,0.95914,0.56991,0.499908447265625,0.499908447265625,69.0749979019165
0.98052,0.03639,0.02164,0.5527095794677734,0.5527095794677734,69.57299876213074
0.88052,0.21091,0.14086,0.6735678911209106,0.6985272765159607,70.0380003452301
0.48786,0.14729,0.63391,0.6976404190063477,0.699056088924408,69.42799830436707
0.59105,0.20236,0.36624,0.839163601398468,0.8499507904052734,70.18899846076965
0.38324,0.97838,0.33729,0.5560280084609985,0.565131425857544,69.46500015258789
0.32632,0.3214,0.75062,0.8347405791282654,0.8496592044830322,69.42200088500977
0.13885,0.58171,0.42486,0.7154523730278015,0.7347493171691895,69.98199772834778
0.02019,0.10234,0.87945,0.7033054828643799,0.7033054828643799,69.77800059318542
0.72175,0.18642,0.11701,0.7768383026123047,0.7734783887863159,69.49300026893616
0.86572,0.15799,0.30813,0.8047592639923096,0.8071725964546204,69.99599814414978
0.8291,0.72422,0.29041,0.751314640045166,0.7437329888343811,69.4850001335144
0.16463,0.04875,0.37999,0.499969482421875,0.499969482421875,69.40699768066406
0.24557,0.54937,0.2049,0.9271984696388244,0.9398226737976074,69.80600214004517
0.75566,0.15663,0.19574,0.7150232195854187,0.7104426026344299,69.72800064086914
0.73584,0.11344,0.09596,0.8939913511276245,0.8957383632659912,69.80899977684021
0.80624,0.06915,0.13913,0.6773515939712524,0.6670151352882385,69.7159993648529
0.29566,0.74301,0.32785,0.6203733682632446,0.6286236643791199,69.14899945259094
0.92788,0.03727,0.16652,0.8367061614990234,0.8411805033683777,69.7339985370636
0.57617,0.20848,0.35764,0.8977376818656921,0.8975651860237122,69.77499771118164
0.18823,0.79529,0.17907,0.7793593406677246,0.7680743932723999,69.95300030708313
0.31165,0.50567,0.12019,0.7493155002593994,0.7756307721138,69.55399823188782
0.24752,0.64883,0.19958,0.7991331219673157,0.8093108534812927,69.68300008773804
0.88024,0.04335,0.19919,0.7984775304794312,0.7921862602233887,70.01699733734131
0.59026,0.17798,0.25883,0.7748575210571289,0.7846956849098206,69.867999792099
0.59545,0.2716,0.29767,0.672912061214447,0.7026844024658203,69.3559980392456
0.35944,0.45015,0.21593,0.636347234249115,0.7451426982879639,70.05000042915344
0.45768,0.08834,0.67212,0.7879546880722046,0.7921539545059204,69.924001455307
0.5411,0.22028,0.18971,0.8098490238189697,0.8232064843177795,70.09899926185608
0.19525,0.0709,0.08461,0.33209228515625,0.3321736752986908,69.5589988231659
0.75361,0.17254,0.03124,0.8569507002830505,0.8569507002830505,69.96999883651733
0.55658,0.21416,0.3655,0.6711708903312683,0.696209192276001,69.62800025939941
0.10559,0.75068,0.23216,0.5661552548408508,0.6217953562736511,69.7359972000122
0.74754,0.17462,0.25128,0.6949776411056519,0.69217449426651,69.23799872398376
0.87173,0.12075,0.35079,0.5475432872772217,0.5486173033714294,70.02399897575378
0.37082,0.19364,0.42654,0.6417056918144226,0.6857224106788635,69.75599956512451
0.59871,0.27583,0.1541,0.7183164954185486,0.7360954880714417,70.08999824523926
0.72283,0.21729,0.12009,0.5277836322784424,0.5331073999404907,69.3659987449646
0.84658,0.084,0.16334,0.7565380334854126,0.7472653388977051,69.79699969291687
0.54648,0.47432,0.30412,0.7046512365341187,0.7068830728530884,69.51899886131287
0.78414,0.13049,0.15863,0.6672121286392212,0.6570678949356079,70.1259994506836
0.95952,0.87076,0.18924,0.8183892965316772,0.8214336633682251,68.5149998664856
0.8624,0.12057,0.06905,0.8814952373504639,0.8814952373504639,70.07199954986572
0.51523,0.35818,0.20315,0.4736605286598205,0.4936456084251404,69.99099779129028
0.68486,0.19286,0.23239,0.8074551224708557,0.839371919631958,70.17899751663208
0.48398,0.68514,0.13007,0.49993896484375,0.49993896484375,68.61499905586243
0.70528,0.27563,0.81163,0.8291704654693604,0.8113598227500916,69.8299970626831
0.30178,0.83023,0.86584,0.6230295896530151,0.6242115497589111,69.14200043678284
0.27745,0.48159,0.11545,0.6976914405822754,0.700933039188385,69.94000053405762
0.55938,0.27643,0.63126,0.9028712511062622,0.9142413139343262,68.51599860191345
0.56755,0.22962,0.25013,0.6200962662696838,0.718815267086029,70.05199861526489
0.49459,0.31102,0.44432,0.555290937423706,0.660533607006073,69.57800078392029
0.51865,0.52558,0.1765,0.6500968337059021,0.6622363924980164,70.55000829696655
0.60809,0.23563,0.22797,0.8171362280845642,0.8674221038818359,69.33699989318848
0.33161,0.4655,0.35613,0.8023364543914795,0.8081653118133545,70.15899968147278
0.37709,0.32017,0.20658,0.771793007850647,0.7818804979324341,69.47399878501892
0.43425,0.41166,0.21703,0.6167349219322205,0.6275425553321838,69.93499970436096
0.56039,0.24892,0.12683,0.8800311088562012,0.875931978225708,68.93099761009216
0.65106,0.11022,0.203,0.8171826601028442,0.8166499137878418,69.79799842834473
0.08742,0.11276,0.62035,0.3332723081111908,0.499908447265625,69.84699821472168
0.1432,0.11311,0.8613,0.7116021513938904,0.7157866954803467,69.9390001296997
0.20383,0.67825,0.16716,0.8060477375984192,0.8082311153411865,69.53699970245361
0.54617,0.11456,0.09399,0.8153157234191895,0.8408823609352112,70.31899881362915
0.30057,0.2459,0.5659,0.726306676864624,0.7712340950965881,69.70799827575684
0.1721,0.32295,0.46013,0.5639396905899048,0.6498982310295105,69.54200005531311
0.0855,0.84629,0.14454,0.827835202217102,0.827835202217102,69.09699773788452
0.1772,0.69737,0.65762,0.7824523448944092,0.793258547782898,69.74000000953674
0.68047,0.39643,0.15251,0.6923398375511169,0.7134585380554199,70.05699825286865
0.06589,0.13909,0.78805,0.6622613668441772,0.6535190343856812,69.76399850845337
0.73179,0.98853,0.45263,0.7880598902702332,0.7832272052764893,68.99100041389465
0.30349,0.09352,0.64849,0.6205223798751831,0.6205543279647827,70.40100073814392
0.77643,0.13441,0.01873,0.8340977430343628,0.8287407159805298,69.53100061416626
0.84074,0.19604,0.24036,0.8699926137924194,0.8702357411384583,70.35600090026855
0.07888,0.99529,0.11159,0.6776655912399292,0.6776655912399292,69.16999936103821
0.14932,0.10466,0.76092,0.6153850555419922,0.6132023334503174,69.88799858093262
0.51659,0.22988,0.15515,0.7293455600738525,0.739539384841919,69.79999923706055
0.22816,0.15866,0.88648,0.7181941270828247,0.7108138799667358,69.86499881744385
0.42964,0.14784,0.36788,0.5161125659942627,0.5288139581680298,69.71899843215942
0.8328,0.14966,0.07796,0.8280127644538879,0.8280127644538879,70.04799962043762
0.82836,0.17354,0.13207,0.8510814905166626,0.8512917757034302,69.77399945259094
0.53099,0.14648,0.31247,0.7651150822639465,0.7986688017845154,70.01799893379211
0.13235,0.8908,0.06796,0.6931242346763611,0.6925315856933594,68.98299980163574
0.75475,0.29687,0.03297,0.7983012199401855,0.80128413438797,69.94399929046631
0.82021,0.18973,0.2423,0.804948091506958,0.8059964776039124,70.20899820327759
0.22109,0.71755,0.17927,0.6793586015701294,0.6620550155639648,69.60899758338928
0.35698,0.1889,0.51978,0.7783779501914978,0.7881374359130859,69.43799996376038
0.75221,0.01716,0.16747,0.759425163269043,0.759425163269043,69.65099740028381
0.30065,0.23537,0.88411,0.6122947931289673,0.6191920042037964,69.53199815750122
0.43953,0.32301,0.37387,0.8176576495170593,0.8245077133178711,70.04799914360046
0.03215,0.44712,0.30851,0.5681982040405273,0.6057830452919006,68.89099931716919
0.15645,0.90772,0.01166,0.8080976009368896,0.8080976009368896,69.59700083732605
0.34655,0.45499,0.97018,0.7273648381233215,0.7575286626815796,69.485999584198
0.72011,0.096,0.11859,0.7393355369567871,0.7424728870391846,69.93799948692322
0.56815,0.27638,0.12786,0.5000649690628052,0.5127905607223511,69.80599856376648
0.20213,0.87971,0.22947,0.7456763386726379,0.7413386702537537,69.91000032424927
0.60127,0.46085,0.79479,0.6986424922943115,0.7320830821990967,69.41799974441528
0.66152,0.64781,0.12143,0.7949514389038086,0.7811193466186523,69.62599802017212
0.09703,0.19906,0.95042,0.8354032635688782,0.8367101550102234,69.46599912643433
0.97066,0.25626,0.08709,0.8882763385772705,0.882703959941864,69.67799878120422
0.35242,0.36981,0.21679,0.7886607050895691,0.7908926010131836,70.01400065422058
0.33203,0.67086,0.21267,0.8104674816131592,0.8153635859489441,69.87099885940552
0.54876,0.32256,0.28265,0.5832926630973816,0.722120463848114,68.77199959754944
0.64268,0.21203,0.14842,0.7871796488761902,0.7759803533554077,70.33500075340271
0.33892,0.58151,0.1784,0.6627679467201233,0.6578595638275146,70.29299998283386
0.78314,0.12053,0.27117,0.8721201419830322,0.8717412352561951,69.82899928092957
0.87644,0.28248,0.18647,0.727336049079895,0.7301926016807556,69.63600039482117
0.03047,0.72695,0.10247,0.7705435156822205,0.7713090181350708,69.75100064277649
0.37595,0.46082,0.10836,0.6784605979919434,0.6907721757888794,69.59000015258789
0.65408,0.15698,0.33503,0.7871325016021729,0.790590763092041,69.79099988937378
0.21928,0.19659,0.5341,0.7221090793609619,0.7629268765449524,69.42200040817261
0.19187,0.69568,0.07349,0.7849153280258179,0.7682086229324341,69.74799966812134
0.22767,0.45762,0.31937,0.9142144322395324,0.9185643196105956,70.7509994506836
0.64924,0.53605,0.38621,0.7161743640899658,0.7077774405479431,73.14299869537354
0.04966,0.01589,0.94589,0.7074038982391357,0.702330470085144,71.82991027832031
0.44999,0.171,0.25451,0.7988183498382568,0.8355074524879456,71.57623100280762
0.15981,0.2867,0.41179,0.7150095105171204,0.7639906406402588,69.97000026702881
0.64268,0.26513,0.22231,0.6902985572814941,0.6941618323326111,68.88999962806702
0.51608,0.19514,0.24617,0.8176400065422058,0.8331308364868164,69.08099794387817
0.1773,0.86943,0.2563,0.7391484379768372,0.7301551103591919,69.56899523735046
0.24381,0.67351,0.24085,0.7855052351951599,0.7925169467926025,69.1769962310791
0.84582,0.11688,0.0611,0.7940754294395447,0.7916862964630127,69.40299844741821
0.09961,0.02153,0.97987,0.5269767045974731,0.5269767045974731,69.11000061035156
0.92117,0.05648,0.19931,0.9350690245628356,0.9350690245628356,69.2419981956482
0.85905,0.16803,0.10419,0.8409614562988281,0.8409614562988281,69.36200070381165
0.14689,0.221,0.1735,1.0,1.0,69.12900114059448
0.53456,0.09653,0.2849,0.7103249430656433,0.7360882759094238,69.41999816894531
0.20383,0.62501,0.23629,0.8440130352973938,0.8442440032958984,69.76199984550476
0.35723,0.22421,0.53025,0.6814565658569336,0.6982764601707458,69.01299953460693
0.18166,0.15465,0.48085,0.7102381587028503,0.7237017750740051,69.66199707984924
0.2561,0.53198,0.08349,0.6977004408836365,0.6985185742378235,69.38700127601624
0.20386,0.30577,0.47624,0.644210159778595,0.6646658778190613,69.36000084877014
0.18535,0.86322,0.09789,0.803645133972168,0.7923159599304199,69.25300073623657
0.89379,0.10519,0.04956,0.7572307586669922,0.7572307586669922,69.2579972743988
