modelo_1,modelo_2,modelo_3,maior
0.81995606,0.7946432,0.7643739,0.81995606
1.0,1.0,0.49996948,1.0
0.8081611,0.79019356,0.78926706,0.8081611
0.6054732,0.5498368,0.33251953,0.6054732
0.81644815,0.8216541,0.7955407,0.8216541
0.6996052,0.49562788,0.6703822,0.6996052
0.7498571,0.7552698,0.7307768,0.7552698
0.5831924,0.63060075,0.493016,0.63060075
0.33315024,0.49985752,0.43016878,0.49985752
0.794224,0.75240314,0.75740004,0.794224
0.62240624,0.6412072,0.63144517,0.6412072
0.7058943,0.7127468,0.68978846,0.7127468
0.745836,0.7522042,0.716606,0.7522042
0.7630134,0.7569883,0.71774244,0.7630134
0.64294255,0.64430326,0.64132786,0.64430326
0.7494116,0.72416013,0.69272494,0.7494116
0.70749676,0.71650285,0.7155875,0.71650285
0.8292819,0.8006344,0.78241956,0.8292819
0.8586811,0.8490327,0.8190542,0.8586811
0.7437335,0.7357482,0.7311337,0.7437335
0.79841775,0.7778198,0.7840326,0.79841775
0.55235165,0.57772344,0.59769523,0.59769523
0.518062,0.47145128,0.4510852,0.518062
0.77773196,0.7487277,0.73209393,0.77773196
0.49938962,0.4957845,0.5095705,0.5095705
0.7539447,0.7074099,0.7339766,0.7539447
0.80358094,0.76871103,0.7232232,0.80358094
0.6673492,0.6756364,0.65125155,0.6756364
0.7342097,0.7454224,0.7429856,0.7454224
0.50753886,0.5836693,0.5453624,0.5836693
0.57719874,0.7122821,0.5564494,0.7122821
0.5632361,0.57962716,0.4064086,0.57962716
0.70624685,0.6687429,0.67144614,0.70624685
0.76617336,0.7602443,0.8000738,0.8000738
0.78521353,0.74759954,0.72702706,0.78521353
0.9093602,0.8919194,0.8744563,0.9093602
0.8350734,0.80535686,0.7929707,0.8350734
0.6741216,0.7354818,0.70316756,0.7354818
0.721616,0.6934997,0.57605356,0.721616
0.82585716,0.8491546,0.80936897,0.8491546
0.617362,0.63147736,0.62354404,0.63147736
0.70167387,0.71848077,0.598686,0.71848077
0.71503264,0.7393244,0.6367438,0.7393244
0.6927532,0.6737528,0.67519104,0.6927532
0.93536156,0.70138466,0.93548036,0.93548036
0.61604786,0.5815005,0.52435184,0.61604786
0.9317546,0.69464296,0.91921455,0.9317546
0.740119,0.68551385,0.6494654,0.740119
0.61084646,0.71133804,0.33288574,0.71133804
0.6862058,0.68274975,0.65244156,0.6862058
0.622383,0.66873777,0.6588554,0.66873777
0.53660434,0.5344136,0.44879234,0.53660434
0.7882385,0.74373573,0.6670799,0.7882385
0.69817185,0.69916725,0.69011426,0.69916725
0.82738185,0.82466614,0.80841905,0.82738185
0.3886447,0.33317056,0.3937359,0.3937359
0.7968969,0.7943689,0.78499955,0.7968969
0.6404996,0.7048299,0.6304867,0.7048299
0.72664094,0.7298089,0.7094722,0.7298089
0.69930977,0.68857694,0.5986086,0.69930977
0.516781,0.53332347,0.55196816,0.55196816
0.721967,0.50131005,0.48466447,0.721967
0.53938824,0.5690403,0.77313644,0.77313644
0.8234952,0.6204943,0.837686,0.837686
0.7192809,0.7430521,0.6728953,0.7430521
0.80099565,0.5810939,0.80569106,0.80569106
0.6003358,0.5917784,0.6951027,0.6951027
0.5789955,0.518397,0.5818013,0.5818013
0.7684653,0.7710198,0.77155477,0.77155477
0.7796997,0.7956075,0.7717741,0.7956075
0.6715641,0.6792531,0.5995792,0.6792531
0.7386643,0.73498106,0.68567824,0.7386643
0.7589044,0.76287013,0.711507,0.76287013
0.9426467,0.6983001,0.92875594,0.9426467
0.7895527,0.7868489,0.82556176,0.82556176
0.73201525,0.71348524,0.73806655,0.73806655
0.89845544,0.86994076,0.8879521,0.89845544
0.7593594,0.7343802,0.73296034,0.7593594
0.62120503,0.4677246,0.5597573,0.62120503
0.79826194,0.7712831,0.76386267,0.79826194
0.6242063,0.7984586,0.7024981,0.7984586
0.6297879,0.5947874,0.65167814,0.65167814
0.69377804,0.6550395,0.6582067,0.69377804
0.7675771,0.720255,0.70237345,0.7675771
0.5499917,0.5439592,0.5175265,0.5499917
0.7357174,0.7674507,0.69724834,0.7674507
0.34595454,0.4856225,0.47568145,0.4856225
0.874962,0.8427986,0.85415703,0.874962
0.76113445,0.746019,0.750916,0.76113445
0.67378855,0.6694226,0.61734515,0.67378855
0.8899172,0.6535245,0.8915262,0.8915262
0.68352795,0.6701788,0.6491295,0.68352795
0.7237289,0.696163,0.62690216,0.7237289
0.70122015,0.7056273,0.43187982,0.7056273
0.8177688,0.77305096,0.7946983,0.8177688
0.85023177,0.83056235,0.807634,0.85023177
0.82449126,0.787704,0.76171565,0.82449126
0.8749695,0.4665242,0.49987793,0.8749695
0.70323974,0.6951478,0.73133653,0.73133653
0.90049624,0.89014786,0.9025443,0.9025443
0.95229393,0.92786187,0.9321079,0.95229393
0.6536535,0.64903224,0.66604185,0.66604185
0.688923,0.69400096,0.63362813,0.69400096
0.5798085,0.5540566,0.6382945,0.6382945
0.83550847,0.82791877,0.7987799,0.83550847
0.8585139,0.84857464,0.80032897,0.8585139
0.7882184,0.7260901,0.7508105,0.7882184
0.469459,0.45119816,0.41202056,0.469459
0.80542004,0.7962113,0.75573444,0.80542004
0.5769134,0.57029647,0.6145888,0.6145888
0.6699108,0.6586501,0.6452944,0.6699108
0.86742944,0.6338791,0.8635414,0.86742944
0.6741516,0.66561145,0.6875021,0.6875021
0.4916563,0.49967405,0.3163848,0.49967405
0.7244444,0.6954759,0.67562085,0.7244444
0.76523805,0.7959461,0.689173,0.7959461
0.5947755,0.5572034,0.5446512,0.5947755
0.64671695,0.63528854,0.60372555,0.64671695
0.75901675,0.7426478,0.6356257,0.75901675
0.8176465,0.80839354,0.81673265,0.8176465
0.76393867,0.70961636,0.7490877,0.76393867
0.8530715,0.82456833,0.79230165,0.8530715
0.92202234,0.6713823,0.9451647,0.9451647
0.7935297,0.74066216,0.7905932,0.7935297
0.67345655,0.6765828,0.6551099,0.6765828
0.73467475,0.65850717,0.6821812,0.73467475
0.69030094,0.74976534,0.69319254,0.74976534
0.714612,0.70388967,0.6801357,0.714612
0.8043911,0.765656,0.8371374,0.8371374
0.71936256,0.72155786,0.7519199,0.7519199
0.54747343,0.5243649,0.7115088,0.7115088
0.742565,0.5707768,0.7355632,0.742565
0.74209213,0.7242978,0.7284794,0.74209213
0.7679764,0.7907865,0.7556183,0.7907865
0.73670083,0.7791137,0.7245385,0.7791137
0.7936504,0.7601515,0.7634647,0.7936504
0.716337,0.67083406,0.63902617,0.716337
0.72945523,0.7300559,0.68695676,0.7300559
0.58198166,0.6031969,0.59750473,0.6031969
0.9283795,0.6971445,0.9281315,0.9283795
0.7383247,0.691292,0.69319683,0.7383247
0.6325094,0.6670556,0.64851403,0.6670556
0.74039835,0.69151163,0.68060076,0.74039835
0.33065438,0.31480432,0.38255072,0.38255072
0.7793181,0.81492925,0.76359797,0.81492925
0.6677186,0.67112356,0.6386057,0.67112356
0.87921154,0.86498666,0.8031567,0.87921154
0.7865345,0.7065061,0.74032754,0.7865345
0.52490693,0.50454056,0.53795105,0.53795105
0.7550383,0.77854675,0.7640668,0.77854675
0.67907095,0.69302404,0.6474159,0.69302404
0.7972144,0.79565406,0.8159617,0.8159617
0.33298746,0.33298746,0.33298746,0.33298746
0.70440733,0.72572374,0.69456434,0.72572374
0.6845301,0.6681436,0.64599746,0.6845301
0.8173908,0.81022835,0.8106713,0.8173908
0.6775038,0.72290444,0.69850475,0.72290444
0.80703235,0.80201197,0.7593529,0.80703235
0.3593227,0.3871061,0.5028795,0.5028795
0.7035821,0.685117,0.602168,0.7035821
0.5077278,0.35815012,0.33294678,0.5077278
0.28103635,0.28106686,0.38443217,0.38443217
0.6230326,0.79831934,0.7756761,0.79831934
0.7341741,0.7296117,0.6930685,0.7341741
0.6639122,0.6228379,0.59275377,0.6639122
0.83000946,0.84436613,0.79429835,0.84436613
0.7015894,0.5092553,0.6817989,0.7015894
0.6319025,0.6616168,0.61719847,0.6616168
0.79443026,0.7666322,0.7516658,0.79443026
0.7603943,0.72954416,0.6913029,0.7603943
0.835512,0.82804155,0.8147713,0.835512
0.8382949,0.6196444,0.80352473,0.8382949
0.7028403,0.6961071,0.6853743,0.7028403
0.775115,0.775345,0.77779955,0.77779955
0.7214871,0.77780247,0.76871973,0.77780247
0.79150945,0.7797168,0.7799943,0.79150945
0.6360877,0.6161928,0.44124252,0.6360877
0.6431058,0.62994236,0.63845795,0.6431058
0.71853226,0.7228573,0.55532527,0.7228573
0.7181087,0.698996,0.70893985,0.7181087
0.8714191,0.84764695,0.8552828,0.8714191
0.7183311,0.6819968,0.6784646,0.7183311
0.73821145,0.76272184,0.7131098,0.76272184
0.689563,0.6856848,0.7055676,0.7055676
0.76921463,0.8174903,0.74683267,0.8174903
0.6209268,0.64857644,0.63199717,0.64857644
0.7165324,0.7062475,0.70771235,0.7165324
0.6806286,0.66667986,0.65876347,0.6806286
0.67753226,0.6759474,0.70641565,0.70641565
0.65122354,0.6491425,0.7454486,0.7454486
0.8849522,0.6170652,0.6219294,0.8849522
0.63459575,0.47678703,0.6438994,0.6438994
0.774688,0.7343146,0.76981753,0.774688
0.527436,0.6585053,0.6518706,0.6585053
0.8084669,0.78631496,0.75576186,0.8084669
0.69608086,0.6711779,0.64700866,0.69608086
0.8565143,0.86159533,0.86913127,0.86913127
0.6364574,0.6383396,0.6423742,0.6423742
0.7201818,0.7096722,0.619221,0.7201818
0.75727075,0.75568855,0.687888,0.75727075
0.72635025,0.7249666,0.6903305,0.72635025
0.72868943,0.70729357,0.6867449,0.72868943
0.6952779,0.7475831,0.6996495,0.7475831
0.8394118,0.8314286,0.6579876,0.8394118
0.59316045,0.67447823,0.6567634,0.67447823
0.7340167,0.7250884,0.7767388,0.7767388
0.7954987,0.77331257,0.752939,0.7954987
0.8117425,0.80754447,0.590985,0.8117425
0.7088003,0.64260256,0.66208404,0.7088003
0.87324125,0.86156124,0.85586315,0.87324125
0.6979709,0.69902164,0.6933298,0.69902164
0.7082185,0.694363,0.69389683,0.7082185
0.851351,0.80345756,0.8087767,0.851351
0.8570326,0.84220886,0.8030166,0.8570326
0.7244628,0.6933117,0.65709287,0.7244628
0.79173154,0.7747283,0.78915846,0.79173154
0.62390953,0.62811106,0.6393035,0.6393035
0.72503805,0.70722395,0.6833057,0.72503805
0.544361,0.51124316,0.6587436,0.6587436
0.58436686,0.6194053,0.56847596,0.6194053
0.66800225,0.5892972,0.6206853,0.66800225
0.7734702,0.73678297,0.6944545,0.7734702
0.48544842,0.47429916,0.49675477,0.49675477
0.83527404,0.61909866,0.84602696,0.84602696
0.80681324,0.80420977,0.81759316,0.81759316
0.5744907,0.5589941,0.49113703,0.5744907
0.8643995,0.84587634,0.80051297,0.8643995
0.5612561,0.50785506,0.5402482,0.5612561
0.8037151,0.8284329,0.7634852,0.8284329
0.72354686,0.71585757,0.7187128,0.72354686
0.704334,0.71311796,0.67797196,0.71311796
0.6351858,0.62217104,0.5494802,0.6351858
0.6073096,0.626062,0.6141606,0.626062
0.54853904,0.5359291,0.54479855,0.54853904
0.72505265,0.77026397,0.76094097,0.77026397
0.33225492,0.39715496,0.35642043,0.39715496
0.6001389,0.6012585,0.5894129,0.6012585
0.83977926,0.83688307,0.820114,0.83977926
0.8610773,0.84108406,0.8312421,0.8610773
0.6267249,0.6622283,0.6221984,0.6622283
0.86278725,0.63842285,0.8585302,0.86278725
0.44770584,0.4118841,0.4799644,0.4799644
0.9566353,0.9487017,0.9468322,0.9566353
0.6750495,0.6552462,0.65420437,0.6750495
0.7630111,0.7517055,0.71844167,0.7630111
0.54826504,0.79519993,0.7399895,0.79519993
0.58317024,0.58266693,0.6053721,0.6053721
0.77586454,0.757683,0.75227946,0.77586454
0.89358217,0.85544467,0.8078942,0.89358217
0.6523888,0.69870126,0.67882425,0.69870126
0.5960634,0.5846379,0.7593012,0.7593012
0.86153245,0.8247335,0.8119407,0.86153245
0.52577925,0.558841,0.5394942,0.558841
0.6708154,0.4775051,0.6282458,0.6708154
0.7500019,0.7328927,0.7431534,0.7500019
0.33329263,0.39989826,0.33325195,0.39989826
0.65014565,0.6410589,0.6254339,0.65014565
0.702441,0.6231251,0.6130686,0.702441
0.76503694,0.75161517,0.7529305,0.76503694
0.8420337,0.7675638,0.7428808,0.8420337
0.7232485,0.6990851,0.68989116,0.7232485
0.6957252,0.7028832,0.64176834,0.7028832
0.38070822,0.3330892,0.56662595,0.56662595
0.67983377,0.6282773,0.5386734,0.67983377
0.80741566,0.750581,0.6646684,0.80741566
0.8122941,0.7894232,0.77994704,0.8122941
0.68727255,0.67708206,0.6640759,0.68727255
0.58099484,0.5500784,0.62509835,0.62509835
0.52366614,0.523316,0.49238467,0.52366614
0.7677169,0.77924323,0.7974605,0.7974605
0.7034123,0.70895207,0.6737826,0.70895207
0.8436397,0.78512084,0.76327497,0.8436397
0.4905372,0.57391125,0.3330485,0.57391125
0.9027724,0.88771075,0.8668188,0.9027724
0.66545933,0.614329,0.48515505,0.66545933
0.71063614,0.67219216,0.679266,0.71063614
0.64317715,0.77407295,0.60693973,0.77407295
0.41107902,0.47174695,0.4113618,0.47174695
0.5977938,0.57885844,0.63031274,0.63031274
0.7010557,0.64178306,0.53865564,0.7010557
0.3332316,0.33325195,0.49996948,0.49996948
0.67481184,0.6836033,0.9087184,0.9087184
0.63454473,0.64793366,0.6502826,0.6502826
0.7068138,0.70796996,0.7040038,0.70796996
0.48455378,0.47972715,0.4791732,0.48455378
0.49990845,0.49990845,0.49990845,0.49990845
0.77812076,0.747854,0.75203663,0.77812076
0.70379466,0.70737535,0.5763911,0.70737535
0.49233487,0.4880935,0.46143356,0.49233487
0.81560254,0.7719651,0.7592722,0.81560254
0.7769804,0.75654227,0.745785,0.7769804
0.69785804,0.67250514,0.660752,0.69785804
0.7381196,0.52566534,0.51998025,0.7381196
0.6863557,0.6157404,0.62059456,0.6863557
0.73040444,0.6780759,0.6636202,0.73040444
0.7828148,0.73934,0.7168665,0.7828148
0.5630175,0.52454686,0.6197748,0.6197748
0.5055302,0.70362973,0.48751327,0.70362973
0.8982732,0.65796185,0.8628666,0.8982732
0.7507527,0.70514995,0.7077313,0.7507527
0.7721356,0.7701334,0.7838461,0.7838461
0.7234614,0.7201722,0.71759224,0.7234614
0.82811403,0.81468284,0.82109046,0.82811403
0.5279629,0.52932674,0.49764195,0.52932674
0.7810014,0.7470705,0.62249744,0.7810014
0.78042257,0.76913553,0.7368734,0.78042257
0.81352466,0.8042267,0.6038668,0.81352466
0.42991078,0.6551653,0.39202714,0.6551653
0.67434895,0.67049056,0.65559727,0.67434895
0.9068527,0.90509206,0.90109444,0.9068527
0.7928893,0.79914486,0.7603562,0.79914486
0.7707071,0.79280543,0.7590267,0.79280543
0.3645096,0.33278403,0.33278403,0.3645096
0.7838193,0.7898368,0.7642264,0.7898368
0.5316379,0.51824737,0.62401485,0.62401485
0.78775793,0.7582275,0.71738523,0.78775793
0.69131327,0.5204252,0.61269,0.69131327
0.78195274,0.75322914,0.74985087,0.78195274
0.87445456,0.89411,0.87294585,0.89411
0.62130034,0.565891,0.58181757,0.62130034
0.54025525,0.4853069,0.4708571,0.54025525
0.8013816,0.79319185,0.7783515,0.8013816
0.790978,0.76889753,0.75337684,0.790978
0.75087595,0.7687757,0.7005662,0.7687757
0.60157555,0.544605,0.70720583,0.70720583
0.74531704,0.70007586,0.7134188,0.74531704
0.38456187,0.5659191,0.5109476,0.5659191
0.6216246,0.6212721,0.58630544,0.6216246
0.5448862,0.7896826,0.50461614,0.7896826
0.7583878,0.72421366,0.69839764,0.7583878
0.6905025,0.6714724,0.6304062,0.6905025
0.82306784,0.82438,0.7760145,0.82438
0.4916612,0.52635497,0.53580207,0.53580207
0.69227517,0.54090905,0.6703052,0.69227517
0.801045,0.7656367,0.80025053,0.801045
0.6982088,0.6344151,0.55292636,0.6982088
0.72751474,0.80674344,0.7838846,0.80674344
0.72508097,0.7260779,0.68324304,0.7260779
0.8995682,0.8868525,0.8781842,0.8995682
0.7123593,0.6129044,0.5201056,0.7123593
0.6783879,0.6077866,0.65455353,0.6783879
0.59432983,0.62824595,0.60164434,0.62824595
0.7698178,0.77088624,0.82414895,0.82414895
0.6755186,0.6713493,0.6598819,0.6755186
0.7075884,0.74132746,0.68982816,0.74132746
0.76665276,0.7749325,0.70746416,0.7749325
0.6043512,0.54739517,0.52157617,0.6043512
0.7673616,0.8041886,0.79795057,0.8041886
0.82978743,0.81982493,0.78485346,0.82978743
0.84621465,0.8139517,0.79432255,0.84621465
0.90413374,0.67468196,0.9180541,0.9180541
0.33325195,0.33325195,0.33241782,0.33325195
0.8126116,0.7410459,0.7417002,0.8126116
0.85175776,0.8620714,0.8469535,0.8620714
0.6439123,0.6530216,0.49887085,0.6530216
0.59838855,0.57996565,0.56589603,0.59838855
0.69790655,0.7296305,0.68951243,0.7296305
0.8099389,0.8227816,0.82441336,0.82441336
0.6925869,0.6840164,0.68455225,0.6925869
0.49663302,0.5485616,0.43623188,0.5485616
0.81730056,0.78635454,0.7698337,0.81730056
0.3332316,0.33321127,0.3332316,0.3332316
0.799395,0.7884767,0.8104267,0.8104267
0.7689875,0.7564302,0.6931446,0.7689875
0.8006928,0.7570851,0.7435317,0.8006928
0.5689226,0.5623861,0.5835188,0.5835188
0.71988267,0.68534374,0.7020001,0.71988267
0.44422063,0.33310953,0.33278403,0.44422063
0.9427381,0.69776326,0.94339675,0.94339675
0.71355516,0.68186396,0.7005802,0.71355516
0.82892793,0.788675,0.8179799,0.82892793
0.3330892,0.3330892,0.3330892,0.3330892
0.6164741,0.6300694,0.62005603,0.6300694
0.9050433,0.6676419,0.8944094,0.9050433
0.8859981,0.8793146,0.8867731,0.8867731
0.72936493,0.66931695,0.69797415,0.72936493
0.7690977,0.75131994,0.7067454,0.7690977
0.49122584,0.52170706,0.4858789,0.52170706
0.7187636,0.70865107,0.70213413,0.7187636
0.7265088,0.74601704,0.73416454,0.74601704
0.73378754,0.7170528,0.7150899,0.73378754
0.7038168,0.6964021,0.6882599,0.7038168
0.7014313,0.69557786,0.681707,0.7014313
0.71974295,0.71372944,0.72215,0.72215
0.8603366,0.81635314,0.8001358,0.8603366
0.84030515,0.84323215,0.8468794,0.8468794
0.7661435,0.76039577,0.7319598,0.7661435
0.7231916,0.67711866,0.69812095,0.7231916
0.77818894,0.79778695,0.7728746,0.79778695
0.81598437,0.7807292,0.7769231,0.81598437
0.64154476,0.6278043,0.6069772,0.64154476
0.89540285,0.9047459,0.8797119,0.9047459
0.7945078,0.7669928,0.71528006,0.7945078
0.33270264,0.33268228,0.33270264,0.33270264
0.6350597,0.6302103,0.6426992,0.6426992
0.8200716,0.796473,0.7635182,0.8200716
0.86878335,0.82927537,0.80942476,0.86878335
0.5994108,0.5978401,0.5652189,0.5994108
0.572096,0.6320088,0.42617768,0.6320088
0.5034907,0.6910491,0.59159815,0.6910491
0.69608116,0.6908562,0.6100015,0.69608116
0.66805315,0.5027113,0.62530345,0.66805315
0.74037516,0.73505914,0.71540546,0.74037516
0.799183,0.79235554,0.7822027,0.799183
0.7337411,0.69950634,0.69465333,0.7337411
0.63975805,0.6664293,0.6689515,0.6689515
0.33325195,0.4443834,0.33321127,0.4443834
0.72165585,0.7939008,0.81908756,0.81908756
0.78186226,0.7877847,0.66676795,0.7877847
0.24975586,0.35257494,0.49972534,0.49972534
0.6494243,0.8689582,0.85118985,0.8689582
0.6141432,0.3330078,0.51829463,0.6141432
0.48118383,0.46097735,0.49562192,0.49562192
0.6772609,0.6343491,0.64521796,0.6772609
0.8038022,0.602992,0.83051425,0.83051425
0.747833,0.7225206,0.7194771,0.747833
0.33321127,0.3332316,0.3332316,0.3332316
0.7634037,0.67857885,0.6882092,0.7634037
0.62603414,0.6164949,0.6391232,0.6391232
0.71872604,0.70346814,0.69964516,0.71872604
0.75013685,0.7309629,0.71093494,0.75013685
0.42964107,0.41990992,0.42393386,0.42964107
0.5600273,0.5684809,0.43224233,0.5684809
0.639004,0.6495564,0.6167718,0.6495564
0.77334976,0.72766256,0.69800174,0.77334976
0.65319973,0.653081,0.65604067,0.65604067
0.74015886,0.73592526,0.7194691,0.74015886
0.7491701,0.6013118,0.5135331,0.7491701
0.6125027,0.6241721,0.57304305,0.6241721
0.6056776,0.61335367,0.55549216,0.61335367
0.6215818,0.620094,0.594863,0.6215818
0.64666575,0.615905,0.8456573,0.8456573
0.6708566,0.683408,0.7020438,0.7020438
0.6615249,0.4984318,0.6222997,0.6615249
0.62460065,0.57121944,0.5889216,0.62460065
0.80729556,0.78298694,0.81561726,0.81561726
0.8111367,0.8037075,0.6621517,0.8111367
0.7555974,0.59741145,0.7797864,0.7797864
0.6864037,0.7026377,0.68294764,0.7026377
0.6961813,0.69863725,0.67421967,0.69863725
0.6135862,0.609319,0.57885784,0.6135862
0.82524943,0.7739107,0.7552104,0.82524943
0.73334175,0.6167547,0.62832534,0.73334175
0.51465285,0.5307683,0.5628464,0.5628464
0.77881527,0.7861112,0.7711649,0.7861112
0.7349065,0.70119274,0.6933826,0.7349065
0.7045313,0.7328347,0.65759313,0.7328347
0.91548157,0.88528705,0.9017094,0.91548157
0.77619845,0.78087115,0.7090777,0.78087115
0.4982605,0.4982605,0.7556555,0.7556555
0.5365298,0.52246964,0.4825418,0.5365298
0.7653936,0.7552014,0.7339264,0.7653936
0.78598267,0.74783045,0.7384885,0.78598267
0.8470628,0.8417959,0.7730048,0.8470628
0.84320647,0.82686937,0.8028188,0.84320647
0.6339616,0.6175445,0.6217742,0.6339616
0.6565755,0.6763365,0.6334712,0.6763365
0.6544968,0.6419341,0.6508318,0.6544968
0.7633054,0.7615328,0.74012625,0.7633054
0.8216295,0.78181845,0.7797897,0.8216295
0.4614068,0.57251084,0.55459595,0.57251084
0.7303853,0.72705555,0.6989499,0.7303853
0.8516969,0.8312416,0.8286814,0.8516969
0.73176205,0.7393093,0.67048126,0.7393093
0.7734111,0.7149266,0.68978685,0.7734111
0.7350953,0.72457767,0.6759729,0.7350953
0.8236698,0.79909,0.7684819,0.8236698
0.8755379,0.8457317,0.8480522,0.8755379
0.74674153,0.7474368,0.69610405,0.7474368
0.5747637,0.5667325,0.5106155,0.5747637
1.0,1.0,1.0,1.0
0.7534264,0.5396922,0.47096065,0.7534264
0.58833796,0.66862035,0.72225857,0.72225857
0.8056777,0.84381604,0.799681,0.84381604
0.90923095,0.67315507,0.8892181,0.90923095
0.5538485,0.48951632,0.45112282,0.5538485
0.76521903,0.70550376,0.71870494,0.76521903
0.76884115,0.74651706,0.75351727,0.76884115
0.7452582,0.70299697,0.6560011,0.7452582
0.86693233,0.6224346,0.85087615,0.86693233
0.4996539,0.49969462,0.43022242,0.49969462
0.6998677,0.6492343,0.7110797,0.7110797
0.5182338,0.6092689,0.62868845,0.62868845
0.6964248,0.61363626,0.6218559,0.6964248
0.49345416,0.586856,0.62304515,0.62304515
0.6232137,0.26102784,0.5359468,0.6232137
0.78776217,0.76515186,0.7565446,0.78776217
0.6676837,0.62264705,0.599115,0.6676837
0.49990845,0.49990845,0.49990845,0.49990845
0.5527096,0.49820745,0.5501834,0.5527096
0.6735679,0.6614919,0.5643885,0.6735679
0.6976404,0.66186786,0.6758158,0.6976404
0.8391636,0.8190384,0.8240953,0.8391636
0.51703674,0.556028,0.5199796,0.556028
0.81902206,0.82226956,0.8347406,0.8347406
0.64712435,0.7154524,0.64568084,0.7154524
0.5714026,0.55650675,0.7033055,0.7033055
0.7768383,0.7550597,0.7354617,0.7768383
0.80475926,0.79656196,0.7366931,0.80475926
0.7270124,0.75131464,0.6901131,0.75131464
0.49993896,0.49996948,0.49996948,0.49996948
0.92719847,0.7047579,0.9117581,0.92719847
0.7150232,0.69659925,0.6755583,0.7150232
0.89399135,0.8711739,0.8580383,0.89399135
0.66654354,0.6773516,0.6396644,0.6773516
0.62037337,0.6189157,0.5822965,0.62037337
0.83670616,0.80630744,0.7655724,0.83670616
0.8977377,0.6699297,0.86489534,0.8977377
0.77442634,0.77935934,0.7425405,0.77935934
0.7433996,0.7493155,0.7070966,0.7493155
0.7991331,0.59554744,0.7779353,0.7991331
0.79847753,0.7340435,0.70237863,0.79847753
0.7748575,0.7298868,0.72683233,0.7748575
0.67291206,0.6273979,0.6025955,0.67291206
0.6164136,0.53205097,0.63634723,0.63634723
0.7879547,0.7765932,0.7841042,0.7879547
0.809849,0.7776901,0.7929799,0.809849
0.3320923,0.3320109,0.3315023,0.3320923
0.8569507,0.634194,0.8509986,0.8569507
0.6711709,0.6139993,0.65237176,0.6711709
0.56615525,0.4679542,0.40087205,0.56615525
0.69254464,0.68796116,0.69497764,0.69497764
0.5475433,0.53326845,0.5229442,0.5475433
0.6417057,0.59935457,0.64079756,0.6417057
0.7183165,0.69206923,0.6726399,0.7183165
0.52778363,0.47166428,0.49892747,0.52778363
0.75653803,0.73607045,0.69291276,0.75653803
0.70154,0.70465124,0.6634208,0.70465124
0.6672121,0.6269034,0.6200467,0.6672121
0.8183893,0.8080421,0.78637433,0.8183893
0.88149524,0.86186564,0.8387442,0.88149524
0.47366053,0.46914235,0.46398103,0.47366053
0.8074551,0.7953035,0.7738345,0.8074551
0.49993896,0.49993896,0.49993896,0.49993896
0.8102541,0.82917047,0.80105495,0.82917047
0.6230296,0.6113969,0.61264074,0.6230296
0.67252845,0.69769144,0.6593027,0.69769144
0.90287125,0.8986629,0.8866558,0.90287125
0.48757714,0.57357097,0.62009627,0.62009627
0.55529094,0.42644262,0.39964887,0.55529094
0.64707386,0.65009683,0.64509946,0.65009683
0.8171362,0.7787504,0.8096695,0.8171362
0.78336376,0.80233645,0.7742545,0.80233645
0.771793,0.7645842,0.72139573,0.771793
0.6167349,0.5822357,0.60094815,0.6167349
0.8800311,0.81999767,0.7921511,0.8800311
0.81718266,0.7917439,0.7955977,0.81718266
0.33262125,0.33317056,0.3332723,0.3332723
0.6796449,0.6054457,0.71160215,0.71160215
0.80604774,0.7970022,0.78089595,0.80604774
0.8153157,0.75285906,0.74013764,0.8153157
0.71777916,0.7263067,0.71783906,0.7263067
0.45434198,0.5639397,0.5292692,0.5639397
0.7952216,0.8278352,0.77533436,0.8278352
0.78208315,0.78245234,0.7562568,0.78245234
0.69233984,0.50586224,0.66687775,0.69233984
0.6048422,0.591853,0.66226137,0.66226137
0.7880599,0.77938646,0.76576364,0.7880599
0.45994216,0.4728604,0.6205224,0.6205224
0.83409774,0.81741595,0.7763883,0.83409774
0.8699926,0.84885675,0.8170216,0.8699926
0.6599666,0.6776656,0.63419867,0.6776656
0.5689719,0.60470843,0.61538506,0.61538506
0.72934556,0.69530374,0.70171213,0.72934556
0.70746696,0.6969371,0.7181941,0.7181941
0.51611257,0.51335156,0.5042808,0.51611257
0.82801276,0.6235463,0.80918616,0.82801276
0.8510815,0.82030666,0.80013275,0.8510815
0.7651151,0.696716,0.7065361,0.7651151
0.69312423,0.69066834,0.6030627,0.69312423
0.7983012,0.74631214,0.7710047,0.7983012
0.8049481,0.7896089,0.75345594,0.8049481
0.674163,0.6793586,0.66550046,0.6793586
0.71422434,0.75786924,0.77837795,0.77837795
0.75942516,0.72845644,0.71024287,0.75942516
0.6039926,0.6053201,0.6122948,0.6122948
0.81765765,0.79729605,0.8060182,0.81765765
0.46822765,0.5681982,0.530911,0.5681982
0.79129684,0.8080976,0.7660771,0.8080976
0.72469544,0.7073872,0.72736484,0.72736484
0.73933554,0.7335791,0.71269065,0.73933554
0.50006497,0.49649447,0.46425247,0.50006497
0.65232515,0.74567634,0.643345,0.74567634
0.67559654,0.6986425,0.6386056,0.6986425
0.79495144,0.7688447,0.751395,0.79495144
0.8125847,0.803509,0.83540326,0.83540326
0.88827634,0.87884915,0.8453612,0.88827634
0.7886607,0.778611,0.7143872,0.7886607
0.7898907,0.8104675,0.77142614,0.8104675
0.58329266,0.5713675,0.52765566,0.58329266
0.78717965,0.7533721,0.7078208,0.78717965
0.61783326,0.66276795,0.4036466,0.66276795
0.87212014,0.63901246,0.8691516,0.87212014
0.72733605,0.63629097,0.7147867,0.72733605
0.758706,0.7705435,0.7562176,0.7705435
0.66859394,0.6784606,0.6541631,0.6784606
0.7871325,0.7732436,0.57148457,0.7871325
0.7221091,0.71950537,0.72060585,0.7221091
0.7849153,0.76568973,0.7005794,0.7849153
0.91421443,0.65859264,0.9068103,0.91421443
0.71617436,0.685961,0.6781206,0.71617436
0.6926477,0.7074039,0.70233047,0.7074039
0.7617491,0.7002933,0.79881835,0.79881835
0.7149512,0.7150095,0.71113396,0.7150095
0.68986106,0.6430439,0.69029856,0.69029856
0.81764,0.5906385,0.7776012,0.81764
0.71364486,0.73914844,0.6996825,0.73914844
0.75100034,0.78550524,0.78124964,0.78550524
0.7940754,0.7621157,0.72779316,0.7940754
0.5195705,0.49026948,0.5269767,0.5269767
0.935069,0.9137058,0.9002967,0.935069
0.84096146,0.786484,0.78118855,0.84096146
1.0,0.49990845,0.49978638,1.0
0.71032494,0.64950687,0.6640819,0.71032494
0.78972083,0.84401304,0.7891919,0.84401304
0.6663018,0.5262391,0.68145657,0.68145657
0.702225,0.71023816,0.705668,0.71023816
0.6759866,0.69770044,0.6597619,0.69770044
0.61348605,0.5907827,0.64421016,0.64421016
0.76136017,0.80364513,0.71181405,0.80364513
0.75723076,0.7111186,0.68825245,0.75723076
0.6306874,0.58064675,0.51805,0.6306874
0.698864,0.6944821,0.63217187,0.698864
0.7690615,0.75668645,0.7512169,0.7690615
0.7695254,0.75677943,0.75343966,0.7695254
0.86301893,0.64185804,0.8464122,0.86301893
0.5425871,0.59900725,0.58335495,0.59900725
0.7951682,0.7505586,0.71204996,0.7951682
0.7940038,0.81293464,0.77464986,0.81293464
0.6999701,0.6455135,0.59010464,0.6999701
0.71223974,0.70623535,0.6363528,0.71223974
0.7366088,0.73211354,0.72146636,0.7366088
0.44776374,0.4224202,0.42246878,0.44776374
0.61695534,0.6391401,0.596878,0.6391401
0.94538957,0.91636974,0.90980834,0.94538957
0.82768345,0.78331774,0.828677,0.828677
0.6556246,0.57923746,0.55074424,0.6556246
0.7939294,0.7763081,0.7713044,0.7939294
0.61750287,0.65055335,0.6011503,0.65055335
0.7906053,0.7262295,0.7413687,0.7906053
0.7463051,0.72582364,0.6896591,0.7463051
0.3328654,0.3328654,0.3328654,0.3328654
0.83202887,0.7901027,0.7567569,0.83202887
0.77192926,0.78962576,0.7558818,0.78962576
0.6847293,0.68720436,0.6633429,0.68720436
0.43223047,0.43816453,0.4791357,0.4791357
0.62955123,0.5577628,0.5118079,0.62955123
0.3154561,0.5071051,0.40077692,0.5071051
0.8747904,0.65316874,0.86354476,0.8747904
0.52959496,0.5205276,0.49969012,0.52959496
0.8458573,0.8091531,0.7845288,0.8458573
0.8212025,0.8260568,0.7942435,0.8260568
0.81481504,0.79165477,0.7156915,0.81481504
0.647671,0.6511461,0.65767723,0.65767723
0.69033676,0.68913364,0.5725828,0.69033676
0.7418582,0.7732566,0.73316056,0.7732566
0.6820636,0.7156672,0.71230674,0.7156672
0.89372677,0.79886657,0.85119295,0.89372677
0.7064996,0.69960445,0.6954956,0.7064996
0.7824291,0.768352,0.756368,0.7824291
0.5554129,0.5035091,0.5260508,0.5554129
0.6845139,0.64135236,0.6609364,0.6845139
0.4604636,0.33308917,0.34884045,0.4604636
0.68037534,0.68296075,0.696992,0.696992
0.5632608,0.5409957,0.577495,0.577495
0.6584634,0.6463627,0.5974634,0.6584634
0.8809026,0.8711407,0.8569107,0.8809026
0.68226105,0.68023604,0.63030833,0.68226105
0.875357,0.6557695,0.86512595,0.875357
0.9053078,0.6591908,0.83354753,0.9053078
0.52389604,0.6353084,0.5022247,0.6353084
0.7772335,0.7841966,0.7447244,0.7841966
0.6238508,0.5738322,0.5928705,0.6238508
0.8246739,0.78772724,0.7802795,0.8246739
0.77328646,0.7651276,0.63909733,0.77328646
0.68758684,0.6872279,0.718625,0.718625
0.68710494,0.64287674,0.5005803,0.68710494
0.6996195,0.6877615,0.62274975,0.6996195
0.76399046,0.7349165,0.7372036,0.76399046
0.7574702,0.750606,0.7694294,0.7694294
0.6135042,0.60605294,0.6082653,0.6135042
0.33319092,0.33315024,0.33319092,0.33319092
0.7478628,0.6791296,0.745827,0.7478628
0.72061676,0.70032185,0.66873235,0.72061676
0.7441529,0.74804854,0.73955953,0.74804854
0.78769755,0.76217675,0.7587405,0.78769755
0.777552,0.7530342,0.736532,0.777552
0.6734872,0.73434335,0.6676137,0.73434335
0.910157,0.89968365,0.8850382,0.910157
0.61572796,0.5822505,0.5600657,0.61572796
0.61801296,0.7211601,0.7334953,0.7334953
0.75675124,0.75597864,0.7593486,0.7593486
0.53714234,0.55258936,0.7646153,0.7646153
0.713418,0.69526184,0.66593635,0.713418
0.8234698,0.7556405,0.79440033,0.8234698
0.6022129,0.603882,0.55944824,0.603882
0.73068225,0.7165866,0.702707,0.73068225
0.755087,0.73549914,0.7148102,0.755087
0.45158923,0.46317524,0.42960674,0.46317524
0.64350617,0.63196546,0.6735041,0.6735041
0.5222382,0.45117974,0.5334769,0.5334769
0.57249725,0.55873936,0.75530005,0.75530005
0.5823708,0.6879085,0.5919953,0.6879085
0.7630867,0.7380679,0.7985604,0.7985604
0.59422857,0.57493377,0.5496732,0.59422857
0.99395466,0.98893255,0.9863355,0.99395466
0.75186646,0.7604192,0.78015363,0.78015363
0.7598443,0.7462346,0.71444124,0.7598443
0.6367029,0.65624225,0.6194539,0.65624225
0.7182397,0.5069189,0.67530584,0.7182397
0.81292105,0.7950858,0.7899897,0.81292105
0.62808865,0.546874,0.60031646,0.62808865
0.8683751,0.647042,0.8457045,0.8683751
0.689643,0.6108686,0.5966009,0.689643
0.85229033,0.81265,0.8012873,0.85229033
0.8000276,0.67145365,0.73086196,0.8000276
0.7592676,0.7419289,0.6233755,0.7592676
0.82005703,0.80074096,0.7760275,0.82005703
0.75305986,0.7331104,0.71554685,0.75305986
0.6804607,0.71076876,0.7200742,0.7200742
0.69447774,0.7124675,0.68780184,0.7124675
0.7692505,0.7723477,0.7439611,0.7723477
0.72234225,0.69685704,0.656737,0.72234225
0.67026544,0.74456143,0.54944456,0.74456143
0.6767309,0.71135706,0.6907748,0.71135706
0.7610101,0.820277,0.74716693,0.820277
0.7719498,0.7419777,0.72155,0.7719498
0.6805854,0.63162124,0.6289696,0.6805854
0.6756977,0.73179114,0.6701113,0.73179114
0.70078075,0.62422633,0.74020433,0.74020433
0.7441779,0.7198497,0.73779595,0.7441779
0.7240479,0.6659777,0.55817986,0.7240479
0.75613594,0.724367,0.69122106,0.75613594
0.7318409,0.7267646,0.71370435,0.7318409
0.764001,0.76866376,0.74742424,0.76866376
0.91134393,0.887939,0.84208184,0.91134393
0.8046496,0.7980731,0.7838594,0.8046496
0.843472,0.8324485,0.796912,0.843472
0.7323705,0.73304474,0.6978435,0.73304474
0.7463273,0.7342943,0.73100144,0.7463273
0.79777294,0.7579839,0.73390025,0.79777294
0.8951681,0.8718963,0.66353744,0.8951681
0.56559455,0.5399407,0.5464546,0.56559455
0.33321127,0.33321127,0.33321127,0.33321127
0.63200974,0.6455264,0.66273415,0.66273415
0.67061836,0.6539388,0.5975416,0.67061836
0.6472419,0.65777415,0.61593324,0.65777415
0.67561066,0.5922262,0.57140225,0.67561066
0.5656409,0.52985024,0.47643465,0.5656409
0.87369466,0.8732859,0.8051535,0.87369466
0.64857805,0.6656461,0.6013184,0.6656461
0.8216549,0.7969907,0.76986885,0.8216549
0.6840448,0.6727241,0.6374551,0.6840448
0.8267156,0.85550666,0.82700837,0.85550666
0.72537714,0.6305069,0.70977366,0.72537714
0.6123949,0.58932173,0.6085321,0.6123949
0.81329006,0.78256917,0.71458596,0.81329006
0.80672336,0.7909895,0.78201276,0.80672336
0.47312203,0.35062268,0.43031347,0.47312203
0.7642586,0.78213537,0.7320019,0.78213537
0.84925747,0.80651355,0.8370514,0.84925747
0.6880124,0.6682155,0.6259679,0.6880124
0.7101974,0.7165813,0.70339537,0.7165813
0.76644623,0.7819197,0.7460191,0.7819197
0.75351226,0.7511124,0.75368005,0.75368005
0.79500693,0.7955997,0.7920033,0.7955997
0.3332723,0.3332723,0.3332723,0.3332723
0.77174,0.75934416,0.757415,0.77174
0.68862975,0.7099116,0.73437184,0.73437184
0.691901,0.51793075,0.7380009,0.7380009
0.6815899,0.6617067,0.6588257,0.6815899
0.65429175,0.6675579,0.63832295,0.6675579
0.5958887,0.5617245,0.58416647,0.5958887
0.76317775,0.78204966,0.7441385,0.78204966
0.7037802,0.6961883,0.6818206,0.7037802
0.5106499,0.5457924,0.5168893,0.5457924
0.8674319,0.85085297,0.846948,0.8674319
0.8709733,0.83538103,0.86184984,0.8709733
0.90519714,0.65580434,0.9101794,0.9101794
0.7133902,0.6835127,0.5969158,0.7133902
0.8445633,0.83613104,0.84213334,0.8445633
0.5513327,0.5830074,0.42930117,0.5830074
0.7907037,0.76656115,0.7447617,0.7907037
0.6543281,0.7027044,0.694956,0.7027044
0.77783644,0.7319594,0.72820306,0.77783644
0.68212545,0.6783711,0.62708277,0.68212545
0.6192495,0.58003294,0.62224114,0.62224114
0.7656082,0.77551174,0.75483865,0.77551174
0.7850864,0.7813622,0.7609505,0.7850864
0.72565633,0.73402756,0.6859281,0.73402756
0.5697743,0.569891,0.4170941,0.569891
0.8310342,0.84817064,0.84091765,0.84817064
0.60461205,0.6471795,0.58515507,0.6471795
0.6548254,0.6423625,0.6556268,0.6556268
0.93722135,0.68372816,0.91710943,0.93722135
0.63824254,0.64637715,0.43181908,0.64637715
0.71142143,0.6901377,0.6779253,0.71142143
0.6600534,0.69291466,0.69984746,0.69984746
0.64890486,0.6820738,0.5552296,0.6820738
0.40818566,0.39385808,0.37791616,0.40818566
0.8482636,0.8121681,0.81140476,0.8482636
0.75764155,0.7373003,0.73415715,0.75764155
0.74964505,0.72325027,0.70346224,0.74964505
0.4998474,0.24986267,0.4998474,0.4998474
0.48565564,0.48154926,0.47959667,0.48565564
0.7127614,0.67930675,0.6701989,0.7127614
0.33493814,0.4884681,0.4238592,0.4884681
0.7313487,0.7362001,0.67324054,0.7362001
0.7791718,0.8121096,0.7799977,0.8121096
0.7534591,0.7389399,0.6993926,0.7534591
0.51317525,0.68634504,0.33296713,0.68634504
0.3879529,0.3744806,0.4082153,0.4082153
0.55633104,0.5625885,0.5748389,0.5748389
0.73345107,0.71951205,0.74240786,0.74240786
0.877228,0.85618055,0.8272854,0.877228
0.7317358,0.7306314,0.7092802,0.7317358
0.749882,0.68580693,0.7553132,0.7553132
0.8776323,0.85577506,0.82304364,0.8776323
0.79614747,0.7813933,0.7353853,0.79614747
0.8496604,0.85320824,0.85320693,0.85320824
0.853405,0.84643674,0.82368374,0.853405
0.8130116,0.8326294,0.8099146,0.8326294
0.6674099,0.67656493,0.7167277,0.7167277
0.76464957,0.7666333,0.7455653,0.7666333
0.7468396,0.7186885,0.69330966,0.7468396
0.87229085,0.8587911,0.8266909,0.87229085
0.83012354,0.81523514,0.7777952,0.83012354
0.81407106,0.7884555,0.7469314,0.81407106
0.80865246,0.8184712,0.7947457,0.8184712
0.81140786,0.7908348,0.78915596,0.81140786
0.6229594,0.73582417,0.7765961,0.7765961
0.9818677,0.48849267,0.977824,0.9818677
0.7059843,0.6767571,0.6760437,0.7059843
0.7304193,0.74906766,0.69226813,0.74906766
0.81739265,0.82083356,0.7803395,0.82083356
0.5778536,0.5255728,0.53904057,0.5778536
0.5939942,0.6204582,0.59161425,0.6204582
0.7046768,0.65799814,0.52297664,0.7046768
0.72199804,0.7043391,0.56901604,0.72199804
0.79431015,0.76948524,0.67601824,0.79431015
0.5880455,0.5835222,0.58962417,0.58962417
0.72954667,0.6930662,0.67131096,0.72954667
0.5258291,0.5156431,0.532139,0.532139
0.6813026,0.64155805,0.67190254,0.6813026
0.8266771,0.753695,0.67600155,0.8266771
0.9127155,0.91232514,0.9027462,0.9127155
0.79716545,0.7740753,0.7774744,0.79716545
0.7910065,0.7347593,0.7085075,0.7910065
0.83894634,0.7331892,0.6929692,0.83894634
0.8462947,0.862096,0.8391418,0.862096
0.75235116,0.784751,0.7020241,0.784751
0.6908786,0.672663,0.6543831,0.6908786
0.3330078,0.33294678,0.3330078,0.3330078
0.64800584,0.66318786,0.6421976,0.66318786
0.5035356,0.49800575,0.47465116,0.5035356
0.7739371,0.7487867,0.69172645,0.7739371
0.79296947,0.78567505,0.70757025,0.79296947
0.6324405,0.6104221,0.57666624,0.6324405
0.7389802,0.7554489,0.7494496,0.7554489
0.8501048,0.6204556,0.8195665,0.8501048
0.7399013,0.7214322,0.675516,0.7399013
0.33310953,0.4919007,0.33312988,0.4919007
0.64664614,0.66261154,0.57242507,0.66261154
0.6761956,0.6440328,0.6288101,0.6761956
0.6993339,0.71491957,0.6664542,0.71491957
0.64550066,0.63810086,0.59764856,0.64550066
0.73610914,0.74365306,0.72449815,0.74365306
0.75289,0.67741024,0.66941977,0.75289
0.49993896,0.49993896,0.49993896,0.49993896
0.78117096,0.783214,0.79253685,0.79253685
0.78132933,0.77817667,0.7669934,0.78132933
0.69849974,0.71909803,0.77045333,0.77045333
0.7903175,0.78408134,0.7739401,0.7903175
0.70887744,0.68345076,0.6328374,0.70887744
0.61640483,0.6587679,0.5782743,0.6587679
0.6796397,0.69340944,0.68248093,0.69340944
0.81931764,0.6186548,0.83230454,0.83230454
0.7697784,0.75442266,0.718612,0.7697784
0.62969553,0.62538683,0.60239893,0.62969553
0.71949303,0.72618645,0.71085083,0.72618645
0.5293504,0.51574516,0.5112169,0.5293504
0.7465775,0.7943404,0.7470124,0.7943404
0.7409928,0.73757887,0.6994517,0.7409928
0.50997376,0.50842524,0.6395352,0.6395352
0.7338394,0.70167446,0.6876942,0.7338394
0.44053435,0.43171188,0.4309856,0.44053435
0.79452753,0.77584076,0.72654736,0.79452753
0.7076839,0.6577234,0.7198622,0.7198622
0.9015699,0.8915123,0.8940988,0.9015699
0.8166296,0.7973204,0.7879352,0.8166296
0.62489825,0.42539677,0.43638575,0.62489825
0.6752793,0.6629105,0.6670983,0.6752793
0.8467121,0.6109666,0.8648297,0.8648297
0.6851285,0.5027241,0.49044526,0.6851285
0.51123595,0.43983296,0.38498965,0.51123595
0.78565574,0.7414187,0.7486932,0.78565574
0.49297547,0.55643415,0.5274686,0.55643415
0.84715134,0.8126162,0.6170217,0.84715134
0.3940854,0.42870376,0.4711275,0.4711275
0.7819419,0.778915,0.7175667,0.7819419
0.74710685,0.7866506,0.7341116,0.7866506
0.6323898,0.6128338,0.6184178,0.6323898
0.75998217,0.7775993,0.72435355,0.7775993
0.6571411,0.6904875,0.63298804,0.6904875
0.82735,0.81801355,0.8024024,0.82735
0.72105867,0.7039437,0.6588507,0.72105867
0.46472013,0.6858845,0.42773554,0.6858845
0.93721515,0.9086481,0.9112529,0.93721515
0.65555686,0.6506303,0.66648287,0.66648287
0.7081253,0.65852594,0.6952236,0.7081253
0.47299394,0.49836722,0.5206282,0.5206282
0.82373285,0.8459966,0.81111157,0.8459966
0.71838075,0.7253549,0.70818394,0.7253549
0.4414703,0.50478137,0.4463048,0.50478137
0.78246516,0.79024106,0.73323137,0.79024106
0.7366702,0.7240741,0.71210456,0.7366702
0.70384693,0.69738626,0.63916385,0.70384693
0.7127108,0.58138216,0.7408507,0.7408507
0.62332773,0.5926936,0.44037598,0.62332773
0.7162692,0.6269121,0.5193731,0.7162692
0.7412992,0.73134565,0.7453529,0.7453529
0.6491828,0.66005874,0.6557646,0.66005874
0.52903515,0.6030986,0.650445,0.650445
0.7617593,0.7289582,0.7513931,0.7617593
0.68596315,0.6903745,0.654268,0.6903745
0.7484312,0.711746,0.7412071,0.7484312
0.3330485,0.3330485,0.5368538,0.5368538
0.78879225,0.80860066,0.73050356,0.80860066
0.6693823,0.67865515,0.6717278,0.67865515
0.79010534,0.74212813,0.7619975,0.79010534
0.7505844,0.745758,0.73650783,0.7505844
0.53327227,0.46656492,0.60706145,0.60706145
0.45026422,0.46629575,0.43113458,0.46629575
0.9060669,0.6336249,0.8798528,0.9060669
0.8654031,0.64491856,0.83439225,0.8654031
0.7764441,0.76669395,0.71544653,0.7764441
0.7163746,0.6870472,0.6568804,0.7163746
0.6451497,0.6443367,0.6498855,0.6498855
0.77026886,0.77362597,0.77054214,0.77362597
0.6791658,0.6364062,0.50072104,0.6791658
0.577551,0.55444,0.4220115,0.577551
0.8503326,0.834038,0.8051505,0.8503326
0.73854464,0.73566675,0.781991,0.781991
0.77636147,0.7742267,0.7327111,0.77636147
0.74239105,0.5852396,0.57585835,0.74239105
0.7563085,0.4240186,0.6155641,0.7563085
0.6583953,0.6995744,0.63309133,0.6995744
0.57099986,0.41962555,0.45710185,0.57099986
0.7559824,0.76392484,0.6949412,0.76392484
0.5249851,0.5482516,0.5164498,0.5482516
0.7360264,0.70528686,0.7228456,0.7360264
0.39134276,0.33239746,0.33239746,0.39134276
0.5887489,0.7813991,0.7550593,0.7813991
0.68455154,0.6924343,0.6948051,0.6948051
0.86234045,0.86252505,0.88175774,0.88175774
0.78384954,0.79340273,0.75674444,0.79340273
0.76439166,0.8261847,0.83045226,0.83045226
0.42398056,0.49324048,0.5926296,0.5926296
0.68019134,0.6614389,0.6560056,0.68019134
0.73519677,0.5212028,0.6856572,0.73519677
0.48405346,0.52190924,0.46027094,0.52190924
0.7572956,0.6913179,0.4958105,0.7572956
0.76481557,0.7629194,0.7429149,0.76481557
0.77525985,0.777498,0.7699891,0.777498
0.6639471,0.58723056,0.56920743,0.6639471
0.7349202,0.5019074,0.7275739,0.7349202
0.8891862,0.8862262,0.87244654,0.8891862
0.5048018,0.5627374,0.5125055,0.5627374
0.77298385,0.77790815,0.6781595,0.77790815
0.8091462,0.7952927,0.6362402,0.8091462
0.60497195,0.5880251,0.5148376,0.60497195
0.7403789,0.74827886,0.7143403,0.74827886
0.7918847,0.77655244,0.7554145,0.7918847
0.55401486,0.53470224,0.5770046,0.5770046
0.6612023,0.66325533,0.6220634,0.66325533
0.73518544,0.7897553,0.64455956,0.7897553
0.49993896,0.7499695,0.49987793,0.7499695
0.7184162,0.67917085,0.6450877,0.7184162
0.7005141,0.6774207,0.6225734,0.7005141
0.7782129,0.75145423,0.7527439,0.7782129
0.72858894,0.726307,0.7175592,0.72858894
0.5335543,0.52738327,0.4212719,0.5335543
0.69383067,0.67003703,0.70777494,0.70777494
0.8920074,0.87888163,0.8856546,0.8920074
0.7255864,0.7127194,0.47402254,0.7255864
0.8319647,0.8099032,0.7913028,0.8319647
0.5274298,0.5120221,0.49762678,0.5274298
0.33319092,0.33319092,0.33319092,0.33319092
0.72581655,0.73772174,0.6929784,0.73772174
0.76943237,0.7420744,0.7217802,0.76943237
0.7097244,0.7041466,0.70693433,0.7097244
0.7844031,0.79024637,0.76153654,0.79024637
0.8004916,0.6244931,0.8299527,0.8299527
0.81669724,0.7317233,0.7807236,0.81669724
0.80177563,0.6124821,0.5850967,0.80177563
0.44450456,0.44266966,0.44288605,0.44450456
0.6986974,0.66445285,0.6793166,0.6986974
0.5880691,0.61386836,0.5876074,0.61386836
0.7027367,0.6884076,0.718029,0.718029
0.52681226,0.49949023,0.5384197,0.5384197
0.74835634,0.69112825,0.68074983,0.74835634
0.7522382,0.7107422,0.7117238,0.7522382
0.71211356,0.7243044,0.7167832,0.7243044
0.6553068,0.63598895,0.6124872,0.6553068
0.7586444,0.670012,0.72763485,0.7586444
0.68198484,0.6925289,0.682516,0.6925289
0.93754625,0.70693254,0.93458134,0.93754625
0.78163624,0.7705163,0.7652866,0.78163624
0.7898983,0.74319965,0.7476698,0.7898983
0.40989015,0.5056265,0.61884403,0.61884403
0.88202363,0.87842995,0.8511887,0.88202363
0.6759806,0.7219715,0.70694923,0.7219715
0.6047524,0.57202756,0.460341,0.6047524
0.6423895,0.621869,0.62397516,0.6423895
0.74487466,0.7358263,0.7019132,0.74487466
0.7364224,0.7076274,0.66932976,0.7364224
0.7541974,0.7521706,0.63992685,0.7541974
0.8813084,0.8210152,0.78872925,0.8813084
0.6625955,0.6660324,0.6183515,0.6660324
0.86912507,0.6438363,0.85507345,0.86912507
0.7728014,0.76139915,0.71484095,0.7728014
0.8246884,0.7606123,0.7362034,0.8246884
0.76862717,0.7566757,0.7440846,0.76862717
0.8757148,0.89185286,0.87606096,0.89185286
0.73528284,0.70496154,0.7090839,0.73528284
0.80224574,0.83431286,0.791382,0.83431286
0.6180554,0.638599,0.51477873,0.638599
0.7942457,0.7763551,0.78861463,0.7942457
0.5262918,0.5281931,0.5007392,0.5281931
0.70883065,0.55575526,0.67938256,0.70883065
0.7589298,0.76578975,0.59447503,0.76578975
0.8133554,0.7647055,0.72894204,0.8133554
0.7218095,0.7513725,0.7045907,0.7513725
0.84402347,0.7888551,0.8378291,0.84402347
0.8114941,0.78561556,0.7913383,0.8114941
0.703846,0.6735646,0.6757923,0.703846
0.70725155,0.7065167,0.694774,0.70725155
0.5403567,0.646605,0.5806459,0.646605
0.7029163,0.5573652,0.7275955,0.7275955
0.936055,0.925962,0.6828718,0.936055
0.7619953,0.79192686,0.6860246,0.79192686
0.8190866,0.77466655,0.7809376,0.8190866
0.7042835,0.6648206,0.6768611,0.7042835
0.748246,0.742588,0.7268744,0.748246
0.5864108,0.58931285,0.57176185,0.58931285
0.7480976,0.80534005,0.7774749,0.80534005
0.7842095,0.7777324,0.75434875,0.7842095
0.59168744,0.6050875,0.5889852,0.6050875
0.33268228,0.33268228,0.33268228,0.33268228
0.6838757,0.65094364,0.6547376,0.6838757
0.6216247,0.6335561,0.6340551,0.6340551
0.73052096,0.6891252,0.68482155,0.73052096
0.5670285,0.5852199,0.6254026,0.6254026
0.7770127,0.74991894,0.711566,0.7770127
0.7809271,0.7467374,0.7359118,0.7809271
0.74020046,0.6871598,0.68236303,0.74020046
0.81689686,0.7822599,0.8220649,0.8220649
0.59116143,0.5008141,0.560386,0.59116143
0.85989356,0.85948896,0.8087548,0.85989356
0.7267577,0.7091318,0.6763818,0.7267577
0.75387484,0.7546338,0.7113637,0.7546338
0.6767325,0.6640776,0.64704573,0.6767325
0.748764,0.76234204,0.7558962,0.76234204
0.8586631,0.6627941,0.83091754,0.8586631
0.5088559,0.51077354,0.51396483,0.51396483
0.6870637,0.68718493,0.62571275,0.68718493
0.7314909,0.7084268,0.7220466,0.7314909
0.7213088,0.71129733,0.7343209,0.7343209
0.54981124,0.5583864,0.6515593,0.6515593
0.67340726,0.4628049,0.69676584,0.69676584
0.89326733,0.90953845,0.9060767,0.90953845
0.64667857,0.6174836,0.5936578,0.64667857
0.84799284,0.85737777,0.84609836,0.85737777
0.7889453,0.76281744,0.7360432,0.7889453
0.7943772,0.7885215,0.7346178,0.7943772
0.48696604,0.33779895,0.37361833,0.48696604
0.7816859,0.72873145,0.7261932,0.7816859
0.82088697,0.7870673,0.7543528,0.82088697
0.55768937,0.5418152,0.55652064,0.55768937
0.69573563,0.6921482,0.61364734,0.69573563
0.8344752,0.8404436,0.8038831,0.8404436
0.8366598,0.8105587,0.81667745,0.8366598
0.74800557,0.71480423,0.7085151,0.74800557
0.6908213,0.530353,0.5706161,0.6908213
0.74407667,0.73804146,0.7722988,0.7722988
0.82161874,0.7874855,0.7635725,0.82161874
0.8819103,0.8618511,0.8264009,0.8819103
0.68807197,0.61573106,0.7205598,0.7205598
0.6569856,0.5733827,0.6676137,0.6676137
0.71163917,0.69007486,0.6705703,0.71163917
0.7465095,0.7845823,0.6635983,0.7845823
0.65514123,0.64090466,0.6485659,0.65514123
0.70206124,0.68457377,0.6778494,0.70206124
0.6502508,0.66149807,0.61721337,0.66149807
0.868676,0.86330724,0.8566416,0.868676
0.77941805,0.7561078,0.7462163,0.77941805
0.7870221,0.7455104,0.73972297,0.7870221
0.6290743,0.64024496,0.6485928,0.6485928
0.67052895,0.65487283,0.62039125,0.67052895
0.7911739,0.78165627,0.75801134,0.7911739
0.800027,0.81416476,0.77354026,0.81416476
0.6128903,0.6623554,0.7364236,0.7364236
0.45631325,0.471547,0.45632952,0.471547
0.4505576,0.6089983,0.5735392,0.6089983
0.6216386,0.6911292,0.6225589,0.6911292
0.7484975,0.72745115,0.72670996,0.7484975
0.7339778,0.6975626,0.6366328,0.7339778
0.7577303,0.76395243,0.74756914,0.76395243
0.86010355,0.8564537,0.8242513,0.86010355
0.7963244,0.777717,0.7129552,0.7963244
0.3805454,0.3329061,0.4282255,0.4282255
0.4998474,0.4998474,0.33306885,0.4998474
0.75711405,0.7637373,0.7626667,0.7637373
0.7214122,0.6935211,0.7133319,0.7214122
0.64089745,0.6388667,0.6285488,0.64089745
0.93902063,0.9170297,0.91377467,0.93902063
0.861523,0.82723165,0.8028183,0.861523
0.7789945,0.59049225,0.5830186,0.7789945
0.6861503,0.6647147,0.65730125,0.6861503
0.6889396,0.51784617,0.49317575,0.6889396
0.76078624,0.74223083,0.8222511,0.8222511
0.7943964,0.72541696,0.7337513,0.7943964
0.78249425,0.769501,0.7161201,0.78249425
0.71319246,0.6585205,0.6390664,0.71319246
0.82655394,0.8192262,0.81412023,0.82655394
0.8186851,0.81363803,0.80554914,0.8186851
0.7205024,0.7068009,0.76560813,0.76560813
0.67632127,0.68014777,0.6370033,0.68014777
0.672344,0.69105536,0.6192648,0.69105536
0.8018129,0.6144111,0.7377653,0.8018129
0.89715767,0.83038306,0.8296707,0.89715767
0.6063953,0.48611522,0.6255968,0.6255968
0.7207138,0.70323205,0.6368949,0.7207138
0.775179,0.76685655,0.73485243,0.775179
0.6345784,0.68097657,0.6725602,0.68097657
0.74923104,0.6858784,0.65285337,0.74923104
0.6351562,0.61899626,0.6137656,0.6351562
0.8203398,0.7985892,0.8060694,0.8203398
0.5015004,0.50722647,0.529033,0.529033
0.72688824,0.676512,0.69231343,0.72688824
0.7709442,0.7715911,0.7796684,0.7796684
0.8318543,0.7934028,0.7787108,0.8318543
0.33298746,0.33298746,0.3804029,0.3804029
0.7164988,0.7490552,0.72162145,0.7490552
0.9689976,0.645341,0.6469874,0.9689976
0.71445423,0.70321506,0.590987,0.71445423
0.6026716,0.5912292,0.5744003,0.6026716
0.33321127,0.33317056,0.33321127,0.33321127
0.6962347,0.67222863,0.6328957,0.6962347
0.84024966,0.8167803,0.80973196,0.84024966
0.6783202,0.6559125,0.639011,0.6783202
0.70288324,0.7475677,0.6693268,0.7475677
0.5037598,0.67329454,0.4764498,0.67329454
0.7305641,0.73460263,0.7424417,0.7424417
0.5235857,0.44144285,0.45438266,0.5235857
0.7712371,0.8055237,0.826516,0.826516
0.7012121,0.66511834,0.6837227,0.7012121
0.58516467,0.5809089,0.51700425,0.58516467
0.67425305,0.6588113,0.6658234,0.67425305
0.924208,0.6717379,0.9271645,0.9271645
0.5208743,0.70041585,0.65903383,0.70041585
0.73539925,0.7463722,0.72906774,0.7463722
0.56231225,0.64242744,0.63377964,0.64242744
0.5222694,0.5338758,0.539598,0.539598
0.74650526,0.7374985,0.70920783,0.74650526
0.76031184,0.7566081,0.7831438,0.7831438
0.61906815,0.65068334,0.5857719,0.65068334
0.77888155,0.8053839,0.8207871,0.8207871
0.39367485,0.35396823,0.3660562,0.39367485
0.8252221,0.8177695,0.7799165,0.8252221
0.7748685,0.7225715,0.74073696,0.7748685
0.8090625,0.8010824,0.82941693,0.82941693
0.6258348,0.5975034,0.5962335,0.6258348
0.67005366,0.7054451,0.7011838,0.7054451
0.78753924,0.7597431,0.77458304,0.78753924
0.7554539,0.6043064,0.7881866,0.7881866
0.48379058,0.70242923,0.6117903,0.70242923
0.70054626,0.66762656,0.666305,0.70054626
0.76063865,0.53715014,0.7144738,0.76063865
0.83706546,0.8155995,0.81159496,0.83706546
0.7178325,0.69423187,0.65909547,0.7178325
0.80009604,0.7710291,0.7396085,0.80009604
0.5122844,0.5178179,0.56689626,0.56689626
0.91358614,0.8882077,0.8548806,0.91358614
0.6929164,0.6776643,0.6632765,0.6929164
0.5784681,0.593101,0.5674667,0.593101
0.5389345,0.5289598,0.49053058,0.5389345
0.7234096,0.7295956,0.69867086,0.7295956
0.7531149,0.7389784,0.74133694,0.7531149
0.64821386,0.6358254,0.65544707,0.65544707
0.8548544,0.8312913,0.8134235,0.8548544
0.8833747,0.85299116,0.8181539,0.8833747
0.7109041,0.7279308,0.72619325,0.7279308
0.5896921,0.59564245,0.6419815,0.6419815
0.73053265,0.73608947,0.67281073,0.73608947
0.83528256,0.81651855,0.76877594,0.83528256
0.33312988,0.33312988,0.49985757,0.49985757
0.79371285,0.7800421,0.78168017,0.79371285
0.33325195,0.33325195,0.36090764,0.36090764
0.7025184,0.70970047,0.66632646,0.70970047
0.3330892,0.35679698,0.3330892,0.35679698
0.7748998,0.75497687,0.73648274,0.7748998
0.9449517,0.9299488,0.9422765,0.9449517
0.73897326,0.7203975,0.71627575,0.73897326
0.6161608,0.5961877,0.5691355,0.6161608
0.6967902,0.6391906,0.6516778,0.6967902
0.70692825,0.70418274,0.704189,0.70692825
0.5829864,0.5949524,0.6079255,0.6079255
0.6826041,0.7256166,0.68383956,0.7256166
0.7158948,0.69747746,0.68612623,0.7158948
0.7384136,0.7692033,0.69062465,0.7692033
0.6570733,0.49202672,0.630474,0.6570733
0.83253086,0.75599724,0.70993847,0.83253086
0.46650374,0.4383522,0.47600722,0.47600722
0.78724843,0.7958606,0.72016305,0.7958606
0.75659066,0.75961125,0.70993686,0.75961125
0.6310442,0.6227432,0.51234853,0.6310442
0.8478527,0.7747201,0.71584314,0.8478527
0.7090305,0.6931211,0.7008543,0.7090305
0.6998672,0.66122085,0.6829771,0.6998672
0.73076874,0.74985945,0.6753391,0.74985945
0.76637506,0.78338367,0.83529234,0.83529234
0.76967925,0.7960611,0.7822942,0.7960611
0.7094199,0.710559,0.7065066,0.710559
0.51542807,0.7134469,0.4778437,0.7134469
0.6179238,0.46376228,0.6309457,0.6309457
0.6533689,0.6437914,0.65058523,0.6533689
0.49996948,0.3332316,0.49996948,0.49996948
0.5527736,0.5512636,0.52826,0.5527736
0.42067283,0.40147874,0.49227536,0.49227536
0.83681256,0.78014666,0.8008168,0.83681256
0.755789,0.70108414,0.66938525,0.755789
0.6438573,0.6891865,0.6951411,0.6951411
0.6827928,0.6881832,0.6092006,0.6881832
0.6494211,0.6424972,0.6619774,0.6619774
0.63989437,0.64473623,0.6109703,0.64473623
0.7438474,0.7908552,0.753351,0.7908552
0.88160753,0.85120755,0.8012897,0.88160753
0.8896534,0.8689534,0.847689,0.8896534
0.7586668,0.5515049,0.7335281,0.7586668
0.7219751,0.71581006,0.72190404,0.7219751
0.47877994,0.50842583,0.48239204,0.50842583
0.84138155,0.8269763,0.77095896,0.84138155
